serial_no,open_date,b1,b2,b3,b4,b5,r1,r2
2019025,2019-03-06 (三),06,13,16,19,29,03,07
2019024,2019-03-04 (一),11,17,19,29,33,08,09
2019023,2019-03-02 (六),01,03,14,26,30,06,11
2019022,2019-02-27 (三),01,04,14,15,21,01,05
2019021,2019-02-25 (一),07,13,17,24,33,01,10
2019020,2019-02-23 (六),01,08,16,27,34,03,12
2019019,2019-02-20 (三),04,11,19,25,32,01,02
2019018,2019-02-18 (一),03,18,19,26,34,06,12
2019017,2019-02-16 (六),01,05,07,22,25,03,04
2019016,2019-02-13 (三),03,05,13,16,28,02,06
2019015,2019-02-11 (一),02,05,10,13,30,04,06
2019014,2019-02-02 (六),12,14,20,28,31,09,11
2019013,2019-01-30 (三),08,10,15,17,18,01,08
2019012,2019-01-28 (一),05,09,17,18,19,07,10
2019011,2019-01-26 (六),04,12,13,16,17,04,09
2019010,2019-01-23 (三),03,07,24,25,27,02,12
2019009,2019-01-21 (一),03,09,15,18,26,06,12
2019008,2019-01-19 (六),03,08,17,20,24,06,11
2019007,2019-01-16 (三),03,12,16,29,32,01,05
2019006,2019-01-14 (一),14,17,19,25,30,04,08
2019005,2019-01-12 (六),21,26,27,29,34,05,06
2019004,2019-01-09 (三),15,16,17,31,32,03,09
2019003,2019-01-07 (一),04,08,18,20,32,10,12
2019002,2019-01-05 (六),02,07,14,22,31,01,07
2019001,2019-01-02 (三),06,18,23,26,28,03,12
2018154,2018-12-31 (一),14,22,23,26,30,03,05
2018153,2018-12-29 (六),03,06,07,08,21,01,08
2018152,2018-12-26 (三),02,04,05,12,28,08,11
2018151,2018-12-24 (一),04,08,18,29,30,03,07
2018150,2018-12-22 (六),05,12,13,31,34,10,12
2018149,2018-12-19 (三),01,07,10,11,20,03,06
2018148,2018-12-17 (一),02,06,24,33,34,02,03
2018147,2018-12-15 (六),01,11,26,33,35,02,10
2018146,2018-12-12 (三),03,08,09,13,33,01,02
2018145,2018-12-10 (一),09,18,29,31,33,06,11
2018144,2018-12-08 (六),06,17,18,24,31,07,11
2018143,2018-12-05 (三),04,07,20,22,33,01,02
2018142,2018-12-03 (一),19,24,28,29,34,10,11
2018141,2018-12-01 (六),03,07,23,26,33,04,09
2018140,2018-11-28 (三),01,06,08,12,15,03,04
2018139,2018-11-26 (一),05,11,16,28,35,06,09
2018138,2018-11-24 (六),01,23,24,28,33,04,05
2018137,2018-11-21 (三),07,10,22,23,33,08,11
2018136,2018-11-19 (一),03,11,12,19,21,05,11
2018135,2018-11-17 (六),14,19,23,27,34,06,12
2018134,2018-11-14 (三),04,05,19,31,35,02,12
2018133,2018-11-12 (一),08,12,14,15,19,01,10
2018132,2018-11-10 (六),03,16,22,23,27,01,04
2018131,2018-11-07 (三),12,14,21,32,33,02,11
2018130,2018-11-05 (一),03,04,16,18,25,01,11
2018129,2018-11-03 (六),04,07,21,22,29,03,06
2018128,2018-10-31 (三),11,12,14,16,26,08,09
2018127,2018-10-29 (一),01,03,04,11,29,08,12
2018126,2018-10-27 (六),11,13,15,21,27,05,06
2018125,2018-10-24 (三),07,16,20,21,34,04,06
2018124,2018-10-22 (一),08,10,12,19,20,10,11
2018123,2018-10-20 (六),06,09,29,32,35,02,04
2018122,2018-10-17 (三),08,09,21,30,31,05,12
2018121,2018-10-15 (一),06,07,21,29,30,01,10
2018120,2018-10-13 (六),21,22,25,27,30,08,09
2018119,2018-10-10 (三),06,09,11,16,35,02,05
2018118,2018-10-08 (一),04,05,14,21,34,06,09
2018117,2018-10-06 (六),07,11,13,22,29,03,08
2018116,2018-10-03 (三),01,14,17,21,33,07,10
2018115,2018-10-01 (一),02,06,13,18,25,01,02
2018114,2018-09-29 (六),12,18,26,28,29,05,06
2018113,2018-09-26 (三),08,12,27,31,33,04,08
2018112,2018-09-24 (一),03,07,08,09,29,09,10
2018111,2018-09-22 (六),03,16,27,28,32,04,05
2018110,2018-09-19 (三),06,19,21,27,28,03,11
2018109,2018-09-17 (一),10,16,23,25,34,02,05
2018108,2018-09-15 (六),09,10,24,31,32,07,12
2018107,2018-09-12 (三),07,08,09,10,22,03,04
2018106,2018-09-10 (一),04,14,17,24,31,01,04
2018105,2018-09-08 (六),01,16,19,20,31,02,07
2018104,2018-09-05 (三),01,13,14,26,28,07,11
2018103,2018-09-03 (一),14,24,26,28,35,02,03
2018102,2018-09-01 (六),06,07,13,22,24,10,12
2018101,2018-08-29 (三),03,14,15,23,29,04,05
2018100,2018-08-27 (一),06,20,21,26,30,06,09
2018099,2018-08-25 (六),12,13,16,20,21,01,07
2018098,2018-08-22 (三),02,15,18,25,27,05,07
2018097,2018-08-20 (一),10,12,14,18,23,01,04
2018096,2018-08-18 (六),13,14,20,28,34,06,10
2018095,2018-08-15 (三),07,14,18,29,35,05,12
2018094,2018-08-13 (一),11,16,25,30,34,08,10
2018093,2018-08-11 (六),03,11,16,18,33,03,11
2018092,2018-08-08 (三),05,07,14,18,19,04,10
2018091,2018-08-06 (一),06,22,26,28,31,01,07
2018090,2018-08-04 (六),06,20,24,33,34,04,11
2018089,2018-08-01 (三),26,27,28,32,34,06,10
2018088,2018-07-30 (一),08,09,21,25,33,01,08
2018087,2018-07-28 (六),03,14,19,23,25,01,04
2018086,2018-07-25 (三),16,22,24,29,31,04,05
2018085,2018-07-23 (一),01,02,14,25,31,05,07
2018084,2018-07-21 (六),06,11,17,22,35,11,12
2018083,2018-07-18 (三),07,12,25,27,28,10,11
2018082,2018-07-16 (一),01,02,14,17,18,08,10
2018081,2018-07-14 (六),02,10,13,21,35,01,12
2018080,2018-07-11 (三),07,16,24,26,31,10,11
2018079,2018-07-09 (一),03,04,10,27,29,01,05
2018078,2018-07-07 (六),07,11,12,22,30,03,06
2018077,2018-07-04 (三),01,06,09,15,26,08,09
2018076,2018-07-02 (一),07,18,28,29,32,06,08
2018075,2018-06-30 (六),01,06,12,20,34,04,12
2018074,2018-06-27 (三),03,09,12,28,30,04,12
2018073,2018-06-25 (一),13,19,24,25,29,02,08
2018072,2018-06-23 (六),05,12,17,24,26,01,02
2018071,2018-06-20 (三),02,05,23,30,31,03,09
2018070,2018-06-18 (一),02,05,10,16,30,04,07
2018069,2018-06-16 (六),01,08,13,21,24,02,11
2018068,2018-06-13 (三),08,12,16,26,33,05,06
2018067,2018-06-11 (一),03,07,12,18,31,07,10
2018066,2018-06-09 (六),01,20,23,32,33,01,04
2018065,2018-06-06 (三),07,10,28,31,32,08,10
2018064,2018-06-04 (一),01,03,04,11,29,02,04
2018063,2018-06-02 (六),05,14,15,32,34,03,10
2018062,2018-05-30 (三),12,14,19,23,35,02,07
2018061,2018-05-28 (一),04,10,12,28,31,08,11
2018060,2018-05-26 (六),04,22,27,29,31,02,10
2018059,2018-05-23 (三),01,09,10,27,35,06,11
2018058,2018-05-21 (一),09,11,12,26,32,04,10
2018057,2018-05-19 (六),13,19,22,27,28,05,06
2018056,2018-05-16 (三),02,04,16,28,34,05,07
2018055,2018-05-14 (一),03,07,20,33,34,09,10
2018054,2018-05-12 (六),09,10,12,20,30,01,07
2018053,2018-05-09 (三),11,16,21,23,25,02,12
2018052,2018-05-07 (一),05,16,18,19,25,02,07
2018051,2018-05-05 (六),09,18,28,29,35,03,11
2018050,2018-05-02 (三),22,24,26,34,35,06,12
2018049,2018-04-30 (一),04,07,09,10,13,06,12
2018048,2018-04-28 (六),02,03,11,20,25,02,07
2018047,2018-04-25 (三),03,08,10,14,20,04,08
2018046,2018-04-23 (一),10,20,22,29,32,05,10
2018045,2018-04-21 (六),02,05,20,30,35,05,09
2018044,2018-04-18 (三),02,04,06,18,21,05,08
2018043,2018-04-16 (一),03,06,13,28,33,04,11
2018042,2018-04-14 (六),03,19,25,29,35,05,09
2018041,2018-04-11 (三),01,23,25,31,33,01,12
2018040,2018-04-09 (一),05,07,18,27,31,01,08
2018039,2018-04-07 (六),02,07,14,29,32,10,11
2018038,2018-04-04 (三),14,23,25,31,32,01,03
2018037,2018-04-02 (一),01,03,27,30,31,02,11
2018036,2018-03-31 (六),11,17,18,21,27,07,08
2018035,2018-03-28 (三),05,07,10,12,24,07,11
2018034,2018-03-26 (一),08,11,22,27,32,03,07
2018033,2018-03-24 (六),02,03,19,23,34,04,09
2018032,2018-03-21 (三),07,10,17,32,35,05,12
2018031,2018-03-19 (一),03,08,13,17,23,05,11
2018030,2018-03-17 (六),05,18,21,28,32,09,11
2018029,2018-03-14 (三),03,09,21,25,29,01,08
2018028,2018-03-12 (一),04,19,25,30,35,04,07
2018027,2018-03-10 (六),01,18,20,21,26,04,11
2018026,2018-03-07 (三),01,02,03,04,30,03,05
2018025,2018-03-05 (一),07,08,09,15,34,07,08
2018024,2018-03-03 (六),02,16,24,30,32,04,07
2018023,2018-02-28 (三),12,13,18,21,29,02,08
2018022,2018-02-26 (一),02,10,19,33,35,05,06
2018021,2018-02-24 (六),05,06,08,09,15,04,11
2018020,2018-02-14 (三),01,10,13,14,21,09,12
2018019,2018-02-12 (一),10,11,19,21,28,05,12
2018018,2018-02-10 (六),06,08,13,24,28,06,12
2018017,2018-02-07 (三),04,19,21,23,31,04,09
2018016,2018-02-05 (一),01,02,12,13,23,09,12
2018015,2018-02-03 (六),04,13,15,18,29,05,11
2018014,2018-01-31 (三),14,16,18,24,31,01,08
2018013,2018-01-29 (一),08,24,31,33,35,07,10
2018012,2018-01-27 (六),03,22,24,29,34,07,11
2018011,2018-01-24 (三),03,13,15,23,26,01,10
2018010,2018-01-22 (一),24,25,26,28,29,04,12
2018009,2018-01-20 (六),10,12,28,30,34,03,04
2018008,2018-01-17 (三),09,15,17,20,22,10,11
2018007,2018-01-15 (一),03,04,28,31,34,04,11
2018006,2018-01-13 (六),19,20,30,32,33,03,05
2018005,2018-01-10 (三),04,09,23,24,30,08,11
2018004,2018-01-08 (一),04,09,22,28,30,01,10
2018003,2018-01-06 (六),04,21,23,24,30,09,10
2018002,2018-01-03 (三),12,20,23,27,34,01,06
2018001,2018-01-01 (一),01,13,22,25,35,03,04
2017153,2017-12-30 (六),01,09,24,26,34,09,12
2017152,2017-12-27 (三),02,04,07,23,28,02,08
2017151,2017-12-25 (一),05,06,23,28,32,04,05
2017150,2017-12-23 (六),03,06,10,13,18,09,11
2017149,2017-12-20 (三),10,18,19,25,26,04,12
2017148,2017-12-18 (一),19,27,31,32,35,11,12
2017147,2017-12-16 (六),05,16,17,25,34,01,11
2017146,2017-12-13 (三),01,05,11,14,35,09,10
2017145,2017-12-11 (一),04,07,17,18,19,03,10
2017144,2017-12-09 (六),03,21,23,29,32,10,11
2017143,2017-12-06 (三),06,09,24,29,32,02,07
2017142,2017-12-04 (一),01,05,16,19,28,02,10
2017141,2017-12-02 (六),02,08,21,22,29,03,05
2017140,2017-11-29 (三),10,16,25,26,29,01,05
2017139,2017-11-27 (一),02,06,19,25,32,09,12
2017138,2017-11-25 (六),04,07,09,20,25,02,11
2017137,2017-11-22 (三),01,20,22,28,29,05,07
2017136,2017-11-20 (一),01,11,20,21,22,03,04
2017135,2017-11-18 (六),01,12,15,19,22,02,04
2017134,2017-11-15 (三),07,18,19,32,34,02,10
2017133,2017-11-13 (一),15,17,19,32,33,01,03
2017132,2017-11-11 (六),11,17,23,26,27,01,10
2017131,2017-11-08 (三),03,05,08,19,34,01,12
2017130,2017-11-06 (一),05,18,28,33,34,03,04
2017129,2017-11-04 (六),05,17,20,32,33,04,09
2017128,2017-11-01 (三),09,11,13,18,33,02,03
2017127,2017-10-30 (一),02,15,18,21,22,03,10
2017126,2017-10-28 (六),03,04,13,24,33,01,11
2017125,2017-10-25 (三),07,11,18,26,28,04,05
2017124,2017-10-23 (一),03,29,30,32,35,03,08
2017123,2017-10-21 (六),03,15,23,26,32,01,12
2017122,2017-10-18 (三),03,12,18,29,34,03,11
2017121,2017-10-16 (一),01,06,12,26,31,01,07
2017120,2017-10-14 (六),08,15,24,26,27,05,06
2017119,2017-10-11 (三),05,07,13,29,35,03,08
2017118,2017-10-09 (一),02,07,16,20,33,03,11
2017117,2017-10-07 (六),05,07,09,24,32,08,10
2017116,2017-10-04 (三),02,27,30,32,33,01,03
2017115,2017-10-02 (一),14,19,20,25,31,06,08
2017114,2017-09-30 (六),06,07,12,18,23,01,12
2017113,2017-09-27 (三),05,08,17,18,23,04,12
2017112,2017-09-25 (一),05,06,20,31,32,06,12
2017111,2017-09-23 (六),02,14,17,26,34,08,12
2017110,2017-09-20 (三),10,14,20,21,35,02,05
2017109,2017-09-18 (一),06,09,19,26,34,05,07
2017108,2017-09-16 (六),01,04,15,21,22,04,09
2017107,2017-09-13 (三),04,10,19,25,27,06,12
2017106,2017-09-11 (一),09,12,18,23,29,02,04
2017105,2017-09-09 (六),04,15,22,24,32,02,09
2017104,2017-09-06 (三),09,11,22,27,30,09,11
2017103,2017-09-04 (一),04,19,20,24,29,03,04
2017102,2017-09-02 (六),01,12,23,24,29,08,12
2017101,2017-08-30 (三),05,15,21,25,29,05,08
2017100,2017-08-28 (一),02,05,18,19,31,01,09
2017099,2017-08-26 (六),08,09,17,18,24,03,07
2017098,2017-08-23 (三),06,09,17,30,35,10,11
2017097,2017-08-21 (一),07,14,19,22,34,07,12
2017096,2017-08-19 (六),03,07,09,17,28,04,12
2017095,2017-08-16 (三),15,32,33,34,35,03,12
2017094,2017-08-14 (一),03,05,08,29,33,04,08
2017093,2017-08-12 (六),05,06,17,21,29,02,04
2017092,2017-08-09 (三),03,07,09,17,34,04,05
2017091,2017-08-07 (一),01,05,07,16,19,03,12
2017090,2017-08-05 (六),03,06,15,22,35,09,11
2017089,2017-08-02 (三),03,05,06,15,18,03,10
2017088,2017-07-31 (一),05,28,31,34,35,08,09
2017087,2017-07-29 (六),03,14,21,29,35,02,06
2017086,2017-07-26 (三),12,15,18,22,31,01,08
2017085,2017-07-24 (一),09,13,14,25,30,02,05
2017084,2017-07-22 (六),06,11,14,21,31,09,12
2017083,2017-07-19 (三),02,05,14,22,34,03,09
2017082,2017-07-17 (一),05,13,20,21,25,08,09
2017081,2017-07-15 (六),02,12,15,20,34,01,06
2017080,2017-07-12 (三),08,10,21,30,31,02,05
2017079,2017-07-10 (一),01,17,19,32,33,02,11
2017078,2017-07-08 (六),04,05,27,31,34,03,06
2017077,2017-07-05 (三),01,03,04,25,31,06,09
2017076,2017-07-03 (一),02,07,25,30,35,07,12
2017075,2017-07-01 (六),05,11,16,18,35,01,06
2017074,2017-06-28 (三),08,10,11,13,17,08,11
2017073,2017-06-26 (一),07,18,28,31,33,01,02
2017072,2017-06-24 (六),01,03,29,32,34,02,05
2017071,2017-06-21 (三),01,04,11,14,33,05,07
2017070,2017-06-19 (一),06,16,18,26,30,02,03
2017069,2017-06-17 (六),10,16,20,23,32,08,11
2017068,2017-06-14 (三),07,08,19,24,27,06,07
2017067,2017-06-12 (一),10,17,18,32,35,10,11
2017066,2017-06-10 (六),11,15,23,26,30,02,11
2017065,2017-06-07 (三),05,11,12,19,28,05,12
2017064,2017-06-05 (一),01,08,20,27,30,03,04
2017063,2017-06-03 (六),18,21,22,24,29,05,11
2017062,2017-05-31 (三),01,04,06,08,28,08,12
2017061,2017-05-29 (一),10,19,23,25,30,02,04
2017060,2017-05-27 (六),09,15,20,26,31,05,12
2017059,2017-05-24 (三),08,11,13,15,17,03,10
2017058,2017-05-22 (一),14,18,20,21,28,03,06
2017057,2017-05-20 (六),12,16,19,23,24,02,05
2017056,2017-05-17 (三),01,04,24,27,32,03,10
2017055,2017-05-15 (一),19,20,22,30,33,03,09
2017054,2017-05-13 (六),16,29,30,32,33,04,05
2017053,2017-05-10 (三),06,19,20,22,26,01,11
2017052,2017-05-08 (一),03,19,24,28,33,04,12
2017051,2017-05-06 (六),14,17,18,22,29,10,11
2017050,2017-05-03 (三),12,14,17,20,28,02,06
2017049,2017-05-01 (一),09,12,14,22,31,05,08
2017048,2017-04-29 (六),07,09,13,15,19,03,10
2017047,2017-04-26 (三),15,19,32,33,34,09,12
2017046,2017-04-24 (一),04,17,20,23,30,02,03
2017045,2017-04-22 (六),01,08,11,21,35,09,12
2017044,2017-04-19 (三),11,16,17,18,25,02,09
2017043,2017-04-17 (一),06,13,22,25,35,09,12
2017042,2017-04-15 (六),02,17,31,33,34,01,07
2017041,2017-04-12 (三),02,04,06,25,31,05,09
2017040,2017-04-10 (一),04,06,10,23,29,09,11
2017039,2017-04-08 (六),05,06,14,17,26,03,08
2017038,2017-04-05 (三),04,05,13,18,27,03,09
2017037,2017-04-03 (一),13,15,16,32,34,06,11
2017036,2017-04-01 (六),01,04,09,18,33,02,05
2017035,2017-03-29 (三),14,17,22,30,33,07,12
2017034,2017-03-27 (一),06,12,21,26,29,02,11
2017033,2017-03-25 (六),15,22,23,25,34,05,11
2017032,2017-03-22 (三),02,13,14,18,29,03,09
2017031,2017-03-20 (一),02,16,17,30,32,02,09
2017030,2017-03-18 (六),21,22,24,29,34,05,06
2017029,2017-03-15 (三),01,06,14,17,29,01,11
2017028,2017-03-13 (一),06,18,22,23,33,09,11
2017027,2017-03-11 (六),08,17,25,33,34,03,11
2017026,2017-03-08 (三),10,14,19,25,32,02,07
2017025,2017-03-06 (一),10,16,19,20,34,04,05
2017024,2017-03-04 (六),21,23,29,32,35,11,12
2017023,2017-03-01 (三),05,08,12,24,34,07,10
2017022,2017-02-27 (一),02,03,09,17,24,06,12
2017021,2017-02-25 (六),01,15,17,20,26,06,08
2017020,2017-02-22 (三),16,21,24,27,28,04,07
2017019,2017-02-20 (一),02,06,14,23,25,02,10
2017018,2017-02-18 (六),06,07,10,17,23,01,09
2017017,2017-02-15 (三),04,19,24,26,29,04,06
2017016,2017-02-13 (一),03,13,28,30,33,09,10
2017015,2017-02-11 (六),01,07,19,27,34,01,02
2017014,2017-02-08 (三),04,08,15,24,25,02,05
2017013,2017-02-06 (一),05,12,17,30,34,11,12
2017011,2017-01-25 (三),05,15,21,29,34,06,09
2017010,2017-01-23 (一),04,10,13,18,35,01,02
2017009,2017-01-21 (六),05,06,08,12,22,03,04
2017008,2017-01-18 (三),03,04,09,25,32,02,04
2017007,2017-01-16 (一),08,11,17,25,27,02,04
2017006,2017-01-14 (六),04,06,23,32,33,05,06
2017005,2017-01-11 (三),05,09,20,26,35,02,11
2017004,2017-01-09 (一),05,08,11,28,31,06,07
2017003,2017-01-07 (六),03,05,06,13,22,09,12
2017002,2017-01-04 (三),07,12,14,31,34,09,11
2017001,2017-01-02 (一),07,09,20,31,33,08,10
2016154,2016-12-31 (六),06,16,17,21,29,04,06
2016153,2016-12-28 (三),13,18,25,29,35,03,11
2016152,2016-12-26 (一),08,17,22,24,30,05,11
2016151,2016-12-24 (六),04,07,11,14,21,05,12
2016150,2016-12-21 (三),01,10,18,24,29,07,10
2016149,2016-12-19 (一),01,02,03,12,33,04,09
2016148,2016-12-17 (六),05,14,15,23,25,06,08
2016147,2016-12-14 (三),07,19,20,28,30,04,12
2016146,2016-12-12 (一),21,22,25,29,34,01,11
2016145,2016-12-10 (六),01,09,11,17,28,03,08
2016144,2016-12-07 (三),04,05,13,22,31,05,10
2016143,2016-12-05 (一),04,06,22,27,31,06,07
2016142,2016-12-03 (六),01,06,17,23,26,06,12
2016141,2016-11-30 (三),02,06,07,19,28,11,12
2016140,2016-11-28 (一),12,16,23,29,34,04,11
2016139,2016-11-26 (六),13,21,30,31,35,01,08
2016138,2016-11-23 (三),12,13,16,29,35,05,11
2016137,2016-11-21 (一),07,20,23,29,34,02,10
2016136,2016-11-19 (六),05,06,07,19,23,04,11
2016135,2016-11-16 (三),01,10,12,18,35,01,12
2016134,2016-11-14 (一),01,03,31,32,34,02,07
2016133,2016-11-12 (六),01,04,05,23,28,05,09
2016132,2016-11-09 (三),04,18,19,22,35,01,02
2016131,2016-11-07 (一),06,13,25,28,30,02,07
2016130,2016-11-05 (六),11,23,32,33,34,01,12
2016129,2016-11-02 (三),07,08,19,30,35,08,09
2016128,2016-10-31 (一),17,20,22,30,33,07,08
2016127,2016-10-29 (六),01,05,15,24,26,09,10
2016126,2016-10-26 (三),11,13,16,19,24,06,08
2016125,2016-10-24 (一),06,07,08,28,30,01,02
2016124,2016-10-22 (六),04,13,24,26,29,08,11
2016123,2016-10-19 (三),04,05,13,20,32,01,10
2016122,2016-10-17 (一),01,03,12,14,29,02,06
2016121,2016-10-15 (六),04,05,08,15,20,01,06
2016120,2016-10-12 (三),03,10,20,32,34,04,07
2016119,2016-10-10 (一),02,03,09,21,22,05,10
2016118,2016-10-08 (六),12,15,18,24,29,03,11
2016117,2016-10-05 (三),03,09,14,16,23,02,09
2016116,2016-10-03 (一),04,06,08,19,34,10,12
2016115,2016-10-01 (六),01,04,15,31,34,02,11
2016114,2016-09-28 (三),16,17,20,32,33,03,07
2016113,2016-09-26 (一),10,11,17,30,34,03,12
2016112,2016-09-24 (六),07,22,23,31,32,04,05
2016111,2016-09-21 (三),04,09,22,26,27,02,12
2016110,2016-09-19 (一),07,20,21,23,30,07,10
2016109,2016-09-17 (六),03,25,28,31,34,11,12
2016108,2016-09-14 (三),10,17,22,23,25,07,09
2016107,2016-09-12 (一),02,06,19,24,26,04,06
2016106,2016-09-10 (六),03,21,30,33,35,01,04
2016105,2016-09-07 (三),08,11,31,34,35,01,02
2016104,2016-09-05 (一),01,20,22,23,30,06,07
2016103,2016-09-03 (六),05,14,20,23,29,03,11
2016102,2016-08-31 (三),03,05,06,34,35,03,12
2016101,2016-08-29 (一),04,06,28,33,35,07,12
2016100,2016-08-27 (六),08,12,19,26,30,02,12
2016099,2016-08-24 (三),03,04,12,14,27,01,05
2016098,2016-08-22 (一),08,09,11,20,29,04,05
2016097,2016-08-20 (六),06,08,18,31,33,10,12
2016096,2016-08-17 (三),01,06,08,12,21,05,10
2016095,2016-08-15 (一),08,12,18,19,21,03,06
2016094,2016-08-13 (六),01,14,16,17,18,05,07
2016093,2016-08-10 (三),01,08,14,30,35,06,07
2016092,2016-08-08 (一),02,13,31,33,34,07,11
2016091,2016-08-06 (六),08,13,17,21,22,02,08
2016090,2016-08-03 (三),04,06,08,28,32,07,12
2016089,2016-08-01 (一),07,14,17,28,34,07,10
2016088,2016-07-30 (六),04,06,17,21,30,06,11
2016087,2016-07-27 (三),03,16,17,23,25,07,09
2016086,2016-07-25 (一),03,05,22,25,30,07,09
2016085,2016-07-23 (六),14,15,27,31,32,01,07
2016084,2016-07-20 (三),08,12,15,26,35,01,08
2016083,2016-07-18 (一),01,05,09,33,35,01,05
2016082,2016-07-16 (六),03,08,23,28,29,02,07
2016081,2016-07-13 (三),06,07,18,21,33,03,08
2016080,2016-07-11 (一),15,20,29,30,33,07,12
2016079,2016-07-09 (六),07,14,15,20,27,05,10
2016078,2016-07-06 (三),07,18,29,31,35,05,11
2016077,2016-07-04 (一),09,11,14,16,35,02,05
2016076,2016-07-02 (六),03,08,10,17,31,05,06
2016075,2016-06-29 (三),03,07,17,22,31,08,12
2016074,2016-06-27 (一),01,05,07,11,14,03,08
2016073,2016-06-25 (六),07,14,17,24,27,08,10
2016072,2016-06-22 (三),16,20,24,26,31,04,09
2016071,2016-06-20 (一),08,15,19,20,33,07,12
2016070,2016-06-18 (六),02,09,13,19,23,05,07
2016069,2016-06-15 (三),14,17,19,23,30,02,09
2016068,2016-06-13 (一),05,07,22,26,34,07,12
2016067,2016-06-11 (六),02,08,11,13,19,02,08
2016066,2016-06-08 (三),10,28,29,31,33,05,11
2016065,2016-06-06 (一),01,09,18,22,24,11,12
2016064,2016-06-04 (六),01,02,10,18,35,05,11
2016063,2016-06-01 (三),08,12,22,27,35,05,09
2016062,2016-05-30 (一),02,10,14,15,35,01,09
2016061,2016-05-28 (六),09,15,17,21,23,07,12
2016060,2016-05-25 (三),02,06,22,27,34,08,11
2016059,2016-05-23 (一),02,10,27,28,33,05,07
2016058,2016-05-21 (六),02,15,17,23,28,05,09
2016057,2016-05-18 (三),08,17,19,23,30,03,08
2016056,2016-05-16 (一),10,12,14,31,35,04,05
2016055,2016-05-14 (六),06,21,27,30,34,04,09
2016054,2016-05-11 (三),02,05,09,21,30,06,07
2016053,2016-05-09 (一),04,13,15,30,35,03,05
2016052,2016-05-07 (六),08,14,19,20,33,10,11
2016051,2016-05-04 (三),16,21,23,24,32,07,08
2016050,2016-05-02 (一),07,17,21,29,35,04,05
2016049,2016-04-30 (六),03,04,05,27,33,04,09
2016048,2016-04-27 (三),04,12,17,25,27,04,10
2016047,2016-04-25 (一),02,03,23,29,32,05,09
2016046,2016-04-23 (六),03,19,22,32,34,08,12
2016045,2016-04-20 (三),07,11,25,30,33,02,08
2016044,2016-04-18 (一),01,06,10,20,31,05,11
2016043,2016-04-16 (六),01,09,16,33,34,09,12
2016042,2016-04-13 (三),02,06,08,19,24,01,06
2016041,2016-04-11 (一),12,23,24,27,34,03,06
2016040,2016-04-09 (六),20,22,29,30,35,01,06
2016039,2016-04-06 (三),01,08,16,22,28,04,05
2016038,2016-04-04 (一),03,07,09,15,33,05,12
2016037,2016-04-02 (六),03,05,13,24,34,03,05
2016036,2016-03-30 (三),07,15,26,30,31,03,06
2016035,2016-03-28 (一),17,22,24,25,29,09,12
2016034,2016-03-26 (六),14,18,31,32,35,09,10
2016033,2016-03-23 (三),03,14,15,31,35,09,10
2016032,2016-03-21 (一),05,09,14,20,33,05,12
2016031,2016-03-19 (六),03,14,24,27,29,04,11
2016030,2016-03-16 (三),10,19,21,29,33,04,06
2016029,2016-03-14 (一),20,26,27,29,32,05,12
2016028,2016-03-12 (六),13,18,20,23,31,03,06
2016027,2016-03-09 (三),06,11,13,15,28,02,06
2016025,2016-03-05 (六),03,06,13,23,24,07,10
2016024,2016-03-02 (三),01,02,11,15,18,04,08
2016023,2016-02-29 (一),04,09,14,25,27,06,11
2016022,2016-02-27 (六),04,18,21,30,35,02,11
2016021,2016-02-24 (三),01,04,09,10,35,09,11
2016020,2016-02-22 (一),01,16,22,29,30,02,09
2016019,2016-02-20 (六),04,11,15,20,26,08,09
2016018,2016-02-17 (三),05,10,13,27,33,08,11
2016017,2016-02-15 (一),11,18,24,28,29,05,10
2016016,2016-02-06 (六),03,10,22,29,32,02,05
2016015,2016-02-03 (三),01,04,10,13,30,03,09
2016014,2016-02-01 (一),06,08,21,24,27,02,10
2016013,2016-01-30 (六),03,21,23,31,35,02,11
2016012,2016-01-27 (三),05,07,11,23,28,03,12
2016011,2016-01-25 (一),02,08,10,15,23,05,10
2016010,2016-01-23 (六),12,13,15,16,28,02,05
2016009,2016-01-20 (三),05,08,10,17,20,02,12
2016008,2016-01-18 (一),05,12,31,34,35,04,05
2016007,2016-01-16 (六),02,05,14,32,35,01,03
2016006,2016-01-13 (三),14,16,17,22,24,02,09
2016005,2016-01-11 (一),06,09,12,15,20,08,11
2016004,2016-01-09 (六),10,20,23,32,35,09,10
2016003,2016-01-06 (三),04,12,17,22,26,06,07
2016002,2016-01-04 (一),07,12,18,25,35,07,09
2016001,2016-01-02 (六),01,07,19,20,30,05,10
2015153,2015-12-30 (三),01,07,22,27,33,02,11
2015152,2015-12-28 (一),04,05,22,29,35,02,11
2015151,2015-12-26 (六),15,16,18,30,35,01,07
2015150,2015-12-23 (三),04,13,18,25,33,03,07
2015149,2015-12-21 (一),04,06,10,12,28,02,08
2015148,2015-12-19 (六),08,11,27,31,33,08,09
2015147,2015-12-16 (三),01,02,13,18,19,08,10
2015146,2015-12-14 (一),04,15,19,27,31,04,11
2015145,2015-12-12 (六),06,07,20,29,32,11,12
2015144,2015-12-09 (三),01,09,24,26,29,06,11
2015143,2015-12-07 (一),09,20,31,33,35,10,11
2015142,2015-12-05 (六),12,14,22,26,30,03,06
2015141,2015-12-02 (三),02,04,15,19,31,02,03
2015140,2015-11-30 (一),01,11,15,26,35,06,11
2015139,2015-11-28 (六),02,03,05,25,32,05,07
2015138,2015-11-25 (三),01,16,20,29,32,04,07
2015137,2015-11-23 (一),14,17,21,23,26,08,11
2015136,2015-11-21 (六),05,20,23,29,32,02,10
2015135,2015-11-18 (三),05,16,20,25,29,06,08
2015134,2015-11-16 (一),01,02,06,15,35,04,07
2015133,2015-11-14 (六),03,07,08,25,30,04,08
2015132,2015-11-11 (三),03,08,14,18,27,01,05
2015131,2015-11-09 (一),11,17,19,20,27,02,03
2015130,2015-11-07 (六),17,25,31,32,34,02,12
2015129,2015-11-04 (三),01,06,23,25,29,03,09
2015128,2015-11-02 (一),10,12,23,30,32,03,04
2015127,2015-10-31 (六),09,11,14,19,30,03,08
2015126,2015-10-28 (三),04,05,08,09,21,03,06
2015125,2015-10-26 (一),02,03,15,17,28,08,10
2015124,2015-10-24 (六),04,06,12,31,32,03,06
2015123,2015-10-21 (三),04,15,27,29,30,02,10
2015122,2015-10-19 (一),11,13,15,26,35,06,11
2015121,2015-10-17 (六),02,04,17,27,28,04,06
2015120,2015-10-14 (三),01,09,15,24,32,05,10
2015119,2015-10-12 (一),01,08,12,16,21,06,11
2015118,2015-10-10 (六),03,07,20,24,31,04,09
2015117,2015-10-07 (三),06,17,20,30,33,10,11
2015116,2015-10-05 (一),07,10,19,24,33,03,07
2015115,2015-10-03 (六),08,12,13,14,16,03,09
2015114,2015-09-30 (三),09,18,24,31,34,02,10
2015113,2015-09-28 (一),01,14,21,29,33,02,10
2015112,2015-09-26 (六),04,05,15,19,28,04,11
2015111,2015-09-23 (三),07,08,16,24,28,03,10
2015110,2015-09-21 (一),02,07,10,22,30,07,11
2015109,2015-09-19 (六),01,06,11,22,31,03,12
2015108,2015-09-16 (三),01,13,16,26,31,07,12
2015107,2015-09-14 (一),03,23,25,28,29,06,07
2015106,2015-09-12 (六),02,11,13,22,30,02,03
2015105,2015-09-09 (三),08,09,15,21,27,05,09
2015104,2015-09-07 (一),16,19,25,30,34,04,09
2015103,2015-09-05 (六),07,09,15,25,34,04,10
2015102,2015-09-02 (三),11,14,15,33,34,03,12
2015101,2015-08-31 (一),06,12,17,18,32,07,12
2015100,2015-08-29 (六),09,15,18,23,32,05,07
2015099,2015-08-26 (三),09,12,14,22,25,05,10
2015098,2015-08-24 (一),09,14,21,27,33,06,09
2015097,2015-08-22 (六),04,16,17,26,27,01,04
2015096,2015-08-19 (三),03,09,12,18,21,02,06
2015095,2015-08-17 (一),08,14,26,34,35,05,10
2015094,2015-08-15 (六),02,03,10,11,29,03,07
2015093,2015-08-12 (三),16,17,25,26,27,02,04
2015092,2015-08-10 (一),02,14,21,27,34,05,08
2015091,2015-08-08 (六),02,07,28,29,30,03,07
2015090,2015-08-05 (三),06,09,11,17,21,06,08
2015089,2015-08-03 (一),05,12,18,20,27,10,12
2015088,2015-08-01 (六),05,15,28,31,34,11,12
2015087,2015-07-29 (三),02,05,15,17,22,01,11
2015086,2015-07-27 (一),05,09,11,15,32,04,09
2015085,2015-07-25 (六),02,03,04,06,16,03,12
2015084,2015-07-22 (三),10,20,21,32,34,06,07
2015083,2015-07-20 (一),14,16,19,25,29,10,12
2015082,2015-07-18 (六),08,15,28,31,33,03,06
2015081,2015-07-15 (三),03,04,10,13,17,05,09
2015080,2015-07-13 (一),14,20,29,30,32,03,08
2015079,2015-07-11 (六),01,09,17,23,24,04,05
2015078,2015-07-08 (三),19,24,26,28,33,01,02
2015077,2015-07-06 (一),01,16,17,22,28,02,09
2015076,2015-07-04 (六),03,19,21,31,34,05,12
2015075,2015-07-01 (三),13,14,26,27,33,10,12
2015074,2015-06-29 (一),01,12,21,27,33,04,09
2015073,2015-06-27 (六),09,26,27,30,34,01,06
2015072,2015-06-24 (三),19,20,21,31,33,09,10
2015071,2015-06-22 (一),04,06,13,16,34,04,10
2015070,2015-06-20 (六),03,09,12,17,18,04,12
2015069,2015-06-17 (三),02,09,11,22,25,01,07
2015068,2015-06-15 (一),02,03,20,31,35,04,08
2015067,2015-06-13 (六),04,10,18,24,27,04,11
2015066,2015-06-10 (三),01,03,07,13,29,02,10
2015065,2015-06-08 (一),04,05,07,13,35,08,11
2015064,2015-06-06 (六),02,08,20,28,31,07,10
2015063,2015-06-03 (三),01,04,06,34,35,02,04
2015062,2015-06-01 (一),06,07,13,14,15,01,04
2015061,2015-05-30 (六),06,07,08,16,22,02,10
2015060,2015-05-27 (三),16,24,25,26,33,04,11
2015059,2015-05-25 (一),07,09,19,23,32,01,03
2015058,2015-05-23 (六),10,14,20,27,30,07,12
2015057,2015-05-20 (三),01,05,07,14,26,04,06
2015056,2015-05-18 (一),06,12,19,26,35,03,10
2015055,2015-05-16 (六),06,11,14,20,30,05,10
2015054,2015-05-13 (三),02,09,15,24,34,03,09
2015053,2015-05-11 (一),08,25,28,29,32,04,07
2015052,2015-05-09 (六),13,19,24,27,29,07,08
2015051,2015-05-06 (三),01,02,11,16,21,01,05
2015050,2015-05-04 (一),06,07,10,20,28,02,07
2015049,2015-05-02 (六),08,09,11,15,22,08,10
2015048,2015-04-29 (三),10,11,22,24,33,02,09
2015047,2015-04-27 (一),01,02,17,23,31,05,12
2015046,2015-04-25 (六),05,07,10,22,26,04,10
2015045,2015-04-22 (三),08,09,22,29,30,08,12
2015044,2015-04-20 (一),16,18,27,31,33,01,03
2015043,2015-04-18 (六),02,20,22,25,29,02,07
2015042,2015-04-15 (三),03,07,12,17,24,02,11
2015041,2015-04-13 (一),01,11,21,23,28,01,10
2015040,2015-04-11 (六),02,09,10,23,35,09,12
2015039,2015-04-08 (三),03,06,07,16,25,01,06
2015038,2015-04-06 (一),12,19,22,31,35,07,08
2015037,2015-04-04 (六),10,16,21,28,31,07,08
2015036,2015-04-01 (三),14,18,20,23,24,04,08
2015035,2015-03-30 (一),22,24,29,30,35,01,10
2015034,2015-03-28 (六),04,08,15,18,26,05,09
2015033,2015-03-25 (三),03,17,22,26,28,03,07
2015032,2015-03-23 (一),06,21,25,27,30,07,11
2015031,2015-03-21 (六),07,21,29,32,33,04,12
2015030,2015-03-18 (三),09,18,19,26,31,02,05
2015029,2015-03-16 (一),07,10,19,30,35,03,05
2015028,2015-03-14 (六),03,09,28,32,33,09,10
2015027,2015-03-11 (三),05,21,22,25,28,03,10
2015026,2015-03-09 (一),11,13,14,15,22,02,08
2015025,2015-03-07 (六),07,10,20,22,27,10,11
2015024,2015-03-04 (三),02,06,08,16,34,03,04
2015023,2015-03-02 (一),06,09,11,12,22,03,11
2015022,2015-02-28 (六),09,11,14,15,26,11,12
2015021,2015-02-25 (三),22,23,24,26,31,05,06
2015020,2015-02-16 (一),11,26,28,29,32,01,04
2015019,2015-02-14 (六),02,08,16,22,24,01,03
2015018,2015-02-11 (三),04,07,10,23,31,03,07
2015017,2015-02-09 (一),07,13,16,17,29,01,07
2015016,2015-02-07 (六),06,07,16,20,34,09,11
2015015,2015-02-04 (三),01,05,13,17,32,04,11
2015014,2015-02-02 (一),08,16,25,29,35,03,10
2015013,2015-01-31 (六),11,15,25,28,35,07,10
2015012,2015-01-28 (三),03,04,06,11,31,05,09
2015011,2015-01-26 (一),04,13,22,25,30,01,06
2015010,2015-01-24 (六),02,06,17,30,35,02,07
2015009,2015-01-21 (三),17,22,26,27,33,06,10
2015008,2015-01-19 (一),07,10,11,15,17,03,10
2015007,2015-01-17 (六),02,07,08,14,31,04,08
2015006,2015-01-14 (三),06,08,30,32,33,03,07
2015005,2015-01-12 (一),11,14,15,18,19,07,08
2015004,2015-01-10 (六),03,12,14,18,28,05,06
2015003,2015-01-07 (三),12,19,27,28,34,01,12
2015002,2015-01-05 (一),03,14,20,26,32,06,10
2015001,2015-01-03 (六),08,09,19,27,30,06,07
2014154,2014-12-31 (三),05,12,17,23,28,02,09
2014153,2014-12-29 (一),01,08,13,24,32,05,10
2014152,2014-12-27 (六),05,12,18,24,33,01,05
2014151,2014-12-24 (三),03,08,26,31,32,08,12
2014150,2014-12-22 (一),19,21,30,33,35,05,07
2014149,2014-12-20 (六),02,13,19,26,35,01,05
2014148,2014-12-17 (三),03,09,10,11,20,07,09
2014147,2014-12-15 (一),05,09,14,26,34,02,09
2014146,2014-12-13 (六),02,16,23,24,28,10,11
2014145,2014-12-10 (三),15,19,22,24,26,10,11
2014144,2014-12-08 (一),01,21,24,25,35,04,11
2014143,2014-12-06 (六),01,11,14,18,25,06,10
2014142,2014-12-03 (三),18,21,25,28,30,04,06
2014141,2014-12-01 (一),04,17,20,26,29,05,08
2014140,2014-11-29 (六),01,19,20,25,34,07,12
2014139,2014-11-26 (三),03,05,07,15,34,01,10
2014138,2014-11-24 (一),01,07,29,32,34,09,12
2014137,2014-11-22 (六),02,11,16,22,34,02,05
2014136,2014-11-19 (三),04,18,20,34,35,07,11
2014135,2014-11-17 (一),20,26,28,30,35,09,12
2014134,2014-11-15 (六),02,05,07,11,32,09,12
2014133,2014-11-12 (三),02,08,12,14,18,04,12
2014132,2014-11-10 (一),01,03,04,19,32,01,07
2014131,2014-11-08 (六),03,16,19,23,27,03,07
2014130,2014-11-05 (三),02,18,31,32,33,05,07
2014129,2014-11-03 (一),07,22,28,30,32,05,06
2014128,2014-11-01 (六),02,04,16,22,34,08,11
2014127,2014-10-29 (三),02,04,06,15,19,02,11
2014126,2014-10-27 (一),02,09,22,30,34,09,10
2014125,2014-10-25 (六),12,15,19,23,31,04,10
2014124,2014-10-22 (三),01,03,28,29,35,08,12
2014123,2014-10-20 (一),01,09,12,22,25,02,09
2014122,2014-10-18 (六),03,10,25,26,35,01,07
2014121,2014-10-15 (三),13,16,18,22,32,08,10
2014120,2014-10-13 (一),01,04,06,18,33,05,11
2014119,2014-10-11 (六),04,08,09,13,18,08,12
2014118,2014-10-08 (三),02,03,23,24,26,05,11
2014117,2014-10-06 (一),03,14,17,18,33,06,09
2014116,2014-10-04 (六),06,13,15,24,27,04,05
2014115,2014-10-01 (三),01,05,26,29,30,02,10
2014114,2014-09-29 (一),03,16,24,30,33,05,08
2014113,2014-09-27 (六),02,13,17,19,23,01,06
2014112,2014-09-24 (三),03,05,14,18,32,02,10
2014111,2014-09-22 (一),11,16,18,20,29,03,04
2014110,2014-09-20 (六),09,18,19,22,24,08,11
2014109,2014-09-17 (三),15,18,20,21,23,01,02
2014108,2014-09-15 (一),01,02,13,23,35,09,12
2014107,2014-09-13 (六),05,13,14,21,34,08,10
2014106,2014-09-10 (三),05,09,11,20,22,05,11
2014105,2014-09-08 (一),04,10,26,29,32,04,08
2014104,2014-09-06 (六),07,13,14,28,32,04,11
2014103,2014-09-03 (三),14,20,23,25,26,10,12
2014102,2014-09-01 (一),01,07,14,19,20,03,12
2014101,2014-08-30 (六),09,10,12,17,28,03,11
2014100,2014-08-27 (三),02,04,08,12,35,01,07
2014099,2014-08-25 (一),15,21,22,23,33,01,07
2014098,2014-08-23 (六),16,18,22,25,35,03,10
2014097,2014-08-20 (三),03,15,20,21,23,07,09
2014096,2014-08-18 (一),03,07,21,23,31,05,10
2014095,2014-08-16 (六),06,22,30,31,34,05,06
2014094,2014-08-13 (三),13,14,24,25,34,04,07
2014093,2014-08-11 (一),03,08,30,32,34,09,11
2014092,2014-08-09 (六),02,18,27,30,32,05,11
2014091,2014-08-06 (三),10,16,18,29,32,02,07
2014090,2014-08-04 (一),02,03,20,23,28,06,08
2014089,2014-08-02 (六),02,08,12,29,30,07,12
2014088,2014-07-30 (三),07,13,20,25,26,08,11
2014087,2014-07-28 (一),04,07,31,33,35,09,10
2014086,2014-07-26 (六),06,08,27,29,35,03,09
2014085,2014-07-23 (三),06,12,13,25,29,11,12
2014084,2014-07-21 (一),02,07,09,11,28,05,09
2014083,2014-07-19 (六),18,20,24,33,35,05,10
2014082,2014-07-16 (三),01,08,18,23,25,08,12
2014081,2014-07-14 (一),03,05,08,10,25,09,12
2014080,2014-07-12 (六),17,20,23,25,27,03,10
2014079,2014-07-09 (三),09,10,20,31,32,06,10
2014078,2014-07-07 (一),10,15,16,22,28,04,05
2014077,2014-07-05 (六),09,16,26,31,32,01,05
2014076,2014-07-02 (三),05,10,19,31,32,09,10
2014075,2014-06-30 (一),05,07,29,32,35,04,10
2014074,2014-06-28 (六),06,11,22,27,30,05,11
2014073,2014-06-25 (三),04,05,07,13,35,05,06
2014072,2014-06-23 (一),17,19,22,24,30,02,09
2014071,2014-06-21 (六),04,14,15,22,23,01,07
2014070,2014-06-18 (三),01,02,07,10,32,04,12
2014069,2014-06-16 (一),16,22,27,29,31,02,09
2014068,2014-06-14 (六),05,15,24,29,35,05,06
2014067,2014-06-11 (三),03,18,23,24,31,03,07
2014066,2014-06-09 (一),08,14,16,20,31,03,11
2014065,2014-06-07 (六),07,12,19,31,33,07,12
2014064,2014-06-04 (三),08,15,33,34,35,01,08
2014063,2014-06-02 (一),11,17,21,23,34,03,04
2014062,2014-05-31 (六),04,07,17,24,25,02,04
2014061,2014-05-28 (三),04,11,17,20,29,06,10
2014060,2014-05-26 (一),12,22,29,30,34,05,11
2014059,2014-05-24 (六),07,15,17,25,29,04,11
2014058,2014-05-21 (三),09,15,22,24,26,02,07
2014057,2014-05-19 (一),08,10,20,27,33,01,09
2014056,2014-05-17 (六),12,18,28,29,35,07,08
2014055,2014-05-14 (三),04,23,26,27,35,10,11
2014054,2014-05-12 (一),02,03,20,25,34,01,12
2014053,2014-05-10 (六),02,11,17,27,30,03,04
2014052,2014-05-07 (三),14,19,21,24,30,02,07
2014051,2014-05-05 (一),01,07,11,29,30,03,11
2014050,2014-05-03 (六),10,18,27,28,35,01,06
2014049,2014-04-30 (三),03,15,17,22,31,03,05
2014048,2014-04-28 (一),01,02,05,15,35,01,11
2014047,2014-04-26 (六),06,17,18,30,34,06,12
2014046,2014-04-23 (三),03,15,18,21,26,01,06
2014045,2014-04-21 (一),06,10,12,16,30,02,11
2014044,2014-04-19 (六),22,23,25,27,35,03,11
2014043,2014-04-16 (三),01,11,23,29,30,01,12
2014042,2014-04-14 (一),16,21,25,27,35,06,11
2014041,2014-04-12 (六),05,07,11,15,18,05,12
2014040,2014-04-09 (三),12,15,21,30,33,02,08
2014039,2014-04-07 (一),02,05,11,15,20,08,11
2014038,2014-04-05 (六),07,08,12,20,32,03,05
2014037,2014-04-02 (三),03,04,08,19,34,02,04
2014036,2014-03-31 (一),01,02,12,17,29,03,08
2014035,2014-03-29 (六),09,12,14,28,29,03,10
2014034,2014-03-26 (三),03,11,14,27,32,05,07
2014033,2014-03-24 (一),01,07,08,28,29,04,08
2014032,2014-03-22 (六),02,05,06,09,31,02,09
2014031,2014-03-19 (三),06,15,27,32,33,03,04
2014030,2014-03-17 (一),03,14,18,29,35,11,12
2014029,2014-03-15 (六),03,21,22,23,35,05,09
2014028,2014-03-12 (三),03,10,20,25,30,10,12
2014027,2014-03-10 (一),09,10,24,28,29,10,12
2014026,2014-03-08 (六),05,10,12,15,26,04,08
2014025,2014-03-05 (三),19,20,27,32,34,06,08
2014024,2014-03-03 (一),07,11,15,31,32,06,11
2014023,2014-03-01 (六),04,13,15,29,33,05,09
2014022,2014-02-26 (三),03,06,10,16,25,10,11
2014021,2014-02-24 (一),06,10,17,23,24,03,09
2014020,2014-02-22 (六),01,14,17,30,35,06,07
2014019,2014-02-19 (三),07,12,22,29,32,11,12
2014018,2014-02-17 (一),08,09,12,28,34,02,12
2014017,2014-02-15 (六),05,10,11,23,34,01,10
2014016,2014-02-12 (三),04,06,13,24,34,04,09
2014015,2014-02-10 (一),04,06,18,20,30,05,07
2014014,2014-02-08 (六),01,09,11,27,29,03,11
2014013,2014-01-29 (三),10,11,13,22,28,04,12
2014012,2014-01-27 (一),09,20,21,23,29,05,07
2014011,2014-01-25 (六),04,06,14,24,35,07,12
2014010,2014-01-22 (三),05,10,20,26,27,01,03
2014009,2014-01-20 (一),10,18,25,29,33,07,08
2014008,2014-01-18 (六),11,13,20,28,35,01,05
2014007,2014-01-15 (三),08,11,14,21,32,03,11
2014006,2014-01-13 (一),01,04,07,16,35,06,08
2014005,2014-01-11 (六),15,17,18,29,33,04,08
2014004,2014-01-08 (三),07,10,19,27,28,09,12
2014003,2014-01-06 (一),07,11,13,21,33,05,06
2014002,2014-01-04 (六),01,12,21,24,29,01,07
2014001,2014-01-01 (三),05,13,20,23,29,08,11
2013153,2013-12-30 (一),04,05,16,17,30,03,09
2013152,2013-12-28 (六),09,12,14,18,19,03,09
2013151,2013-12-25 (三),02,13,21,27,30,03,04
2013150,2013-12-23 (一),06,07,14,18,22,08,11
2013149,2013-12-21 (六),06,07,08,09,13,05,07
2013148,2013-12-18 (三),02,05,09,29,32,03,07
2013147,2013-12-16 (一),03,09,22,24,25,05,09
2013146,2013-12-14 (六),06,07,15,25,31,01,09
2013145,2013-12-11 (三),02,13,15,18,20,02,11
2013144,2013-12-09 (一),03,20,21,23,35,02,08
2013143,2013-12-07 (六),03,08,14,21,31,06,08
2013142,2013-12-04 (三),06,11,25,28,29,04,12
2013141,2013-12-02 (一),05,15,18,25,31,08,10
2013140,2013-11-30 (六),01,12,17,26,28,01,06
2013139,2013-11-27 (三),05,06,18,20,31,06,07
2013138,2013-11-25 (一),03,08,13,17,24,07,09
2013137,2013-11-23 (六),04,12,32,33,34,06,08
2013136,2013-11-20 (三),05,11,15,25,28,05,11
2013135,2013-11-18 (一),04,13,19,25,26,07,12
2013134,2013-11-16 (六),02,13,19,23,32,02,09
2013133,2013-11-13 (三),02,08,10,16,17,09,12
2013132,2013-11-11 (一),23,26,28,31,34,02,10
2013131,2013-11-09 (六),12,15,29,30,31,04,12
2013130,2013-11-06 (三),08,09,15,19,30,06,09
2013129,2013-11-04 (一),11,23,29,30,33,01,04
2013128,2013-11-02 (六),11,13,27,33,35,01,02
2013127,2013-10-30 (三),03,14,16,19,32,05,10
2013126,2013-10-28 (一),09,10,15,18,30,03,06
2013125,2013-10-26 (六),04,08,14,23,28,04,08
2013124,2013-10-23 (三),05,07,18,21,32,10,11
2013123,2013-10-21 (一),02,09,10,33,34,05,12
2013122,2013-10-19 (六),15,17,20,24,35,04,12
2013121,2013-10-16 (三),03,18,19,20,24,03,12
2013120,2013-10-14 (一),06,14,15,22,26,03,11
2013119,2013-10-12 (六),01,02,16,23,35,01,11
2013118,2013-10-09 (三),04,06,11,20,31,01,05
2013117,2013-10-07 (一),05,16,23,25,33,07,12
2013116,2013-10-05 (六),13,22,23,30,33,09,11
2013115,2013-10-02 (三),05,16,29,32,34,04,11
2013114,2013-09-30 (一),06,17,21,23,33,01,09
2013113,2013-09-28 (六),19,21,23,28,30,08,12
2013112,2013-09-25 (三),02,10,20,22,29,05,12
2013111,2013-09-23 (一),07,12,13,20,27,01,03
2013110,2013-09-21 (六),07,16,18,32,33,02,07
2013109,2013-09-18 (三),13,20,26,29,32,02,06
2013108,2013-09-16 (一),05,10,13,15,18,02,11
2013107,2013-09-14 (六),07,13,14,18,25,05,12
2013106,2013-09-11 (三),06,07,12,13,27,03,12
2013105,2013-09-09 (一),07,13,27,30,34,01,12
2013104,2013-09-07 (六),02,05,11,27,29,01,11
2013103,2013-09-04 (三),05,08,13,16,31,03,09
2013102,2013-09-02 (一),06,12,15,19,26,02,11
2013101,2013-08-31 (六),04,09,13,15,32,02,09
2013100,2013-08-28 (三),09,12,24,26,30,05,09
2013099,2013-08-26 (一),04,11,28,30,33,05,12
2013098,2013-08-24 (六),02,06,16,29,34,10,11
2013097,2013-08-21 (三),07,08,13,17,32,03,08
2013096,2013-08-19 (一),17,19,20,22,26,06,08
2013095,2013-08-17 (六),03,17,28,30,33,01,10
2013094,2013-08-14 (三),03,28,33,34,35,06,09
2013093,2013-08-12 (一),01,05,17,18,26,05,07
2013092,2013-08-10 (六),07,10,21,27,33,03,09
2013091,2013-08-07 (三),04,09,28,34,35,02,08
2013090,2013-08-05 (一),02,26,30,31,33,11,12
2013089,2013-08-03 (六),06,07,23,24,29,04,11
2013088,2013-07-31 (三),03,05,08,33,35,01,03
2013087,2013-07-29 (一),09,12,22,32,34,02,04
2013086,2013-07-27 (六),09,16,26,29,31,06,09
2013085,2013-07-24 (三),08,19,23,27,32,03,05
2013084,2013-07-22 (一),08,22,26,29,35,01,05
2013083,2013-07-20 (六),26,29,30,32,35,04,10
2013082,2013-07-17 (三),03,09,25,26,33,03,12
2013081,2013-07-15 (一),07,09,15,17,23,02,07
2013080,2013-07-13 (六),06,21,23,27,31,04,06
2013079,2013-07-10 (三),09,10,17,21,34,01,07
2013078,2013-07-08 (一),02,07,23,31,33,02,08
2013077,2013-07-06 (六),24,26,30,32,35,06,12
2013076,2013-07-03 (三),13,15,16,26,27,09,10
2013075,2013-07-01 (一),01,11,13,19,35,07,08
2013074,2013-06-29 (六),06,14,20,24,32,01,07
2013073,2013-06-26 (三),03,05,23,27,31,02,06
2013072,2013-06-24 (一),12,27,28,33,35,03,05
2013071,2013-06-22 (六),13,19,26,27,28,03,11
2013070,2013-06-19 (三),09,12,18,21,29,01,08
2013069,2013-06-17 (一),06,12,13,16,30,07,12
2013068,2013-06-15 (六),10,17,27,34,35,05,07
2013067,2013-06-12 (三),02,03,05,08,29,10,12
2013066,2013-06-10 (一),06,07,13,33,34,02,11
2013065,2013-06-08 (六),09,28,31,34,35,02,09
2013064,2013-06-05 (三),21,24,26,28,32,01,03
2013063,2013-06-03 (一),03,05,11,27,28,05,06
2013062,2013-06-01 (六),01,05,08,09,12,09,12
2013061,2013-05-29 (三),01,14,18,21,32,05,10
2013060,2013-05-27 (一),15,25,26,32,35,05,10
2013059,2013-05-25 (六),03,08,11,24,27,07,12
2013058,2013-05-22 (三),20,21,27,31,35,07,11
2013057,2013-05-20 (一),07,15,27,33,35,07,10
2013056,2013-05-18 (六),11,22,30,32,35,03,04
2013055,2013-05-15 (三),04,05,22,23,24,03,09
2013054,2013-05-13 (一),05,08,21,30,32,01,08
2013053,2013-05-11 (六),13,31,33,34,35,05,07
2013052,2013-05-08 (三),01,02,10,29,31,01,10
2013051,2013-05-06 (一),05,08,15,18,33,07,08
2013050,2013-05-04 (六),14,22,30,32,33,07,08
2013049,2013-05-01 (三),18,22,25,31,32,04,06
2013048,2013-04-29 (一),10,11,23,32,33,01,04
2013047,2013-04-27 (六),12,20,28,30,35,03,11
2013046,2013-04-24 (三),15,16,19,25,32,05,11
2013045,2013-04-22 (一),08,11,12,21,25,02,07
2013044,2013-04-20 (六),07,11,13,18,28,05,10
2013043,2013-04-17 (三),07,13,25,34,35,07,09
2013042,2013-04-15 (一),02,06,22,23,33,01,06
2013041,2013-04-13 (六),03,13,14,15,34,05,08
2013040,2013-04-10 (三),16,17,22,26,35,03,10
2013039,2013-04-08 (一),06,23,30,33,35,07,10
2013038,2013-04-06 (六),01,19,24,25,26,07,09
2013037,2013-04-03 (三),02,26,31,32,34,06,08
2013036,2013-04-01 (一),08,12,32,33,35,03,05
2013035,2013-03-30 (六),05,14,28,32,34,07,08
2013034,2013-03-27 (三),01,03,11,19,29,04,08
2013033,2013-03-25 (一),12,18,22,28,31,01,11
2013032,2013-03-23 (六),12,27,28,33,35,01,08
2013031,2013-03-20 (三),12,17,18,26,32,10,11
2013030,2013-03-18 (一),03,05,09,10,28,05,07
2013029,2013-03-16 (六),05,07,17,25,26,04,10
2013028,2013-03-13 (三),13,19,28,30,34,08,12
2013027,2013-03-11 (一),03,12,14,24,35,03,08
2013026,2013-03-09 (六),02,10,16,30,33,05,06
2013025,2013-03-06 (三),03,23,25,26,28,10,12
2013024,2013-03-04 (一),09,12,14,18,24,01,04
2013023,2013-03-02 (六),05,19,24,26,35,05,07
2013022,2013-02-27 (三),03,04,13,17,23,03,08
2013021,2013-02-25 (一),23,24,28,30,33,01,11
2013020,2013-02-23 (六),06,11,20,31,32,05,09
2013019,2013-02-20 (三),06,12,17,29,30,07,11
2013018,2013-02-18 (一),20,23,31,33,34,03,09
2013017,2013-02-16 (六),11,14,22,29,34,05,11
2013016,2013-02-06 (三),05,15,19,27,32,08,09
2013015,2013-02-04 (一),14,15,26,32,33,01,11
2013014,2013-02-02 (六),05,08,25,29,31,02,04
2013013,2013-01-30 (三),13,15,29,30,35,01,11
2013012,2013-01-28 (一),01,14,31,32,34,02,11
2013011,2013-01-26 (六),01,02,08,15,23,06,09
2013010,2013-01-23 (三),09,15,17,18,29,09,11
2013009,2013-01-21 (一),10,17,19,27,29,05,12
2013008,2013-01-19 (六),02,07,25,29,34,03,06
2013007,2013-01-16 (三),14,29,32,33,34,03,06
2013006,2013-01-14 (一),08,20,25,31,32,05,07
2013005,2013-01-12 (六),18,22,26,28,31,10,12
2013004,2013-01-09 (三),07,08,12,20,25,03,07
2013003,2013-01-07 (一),01,16,18,21,31,09,12
2013002,2013-01-05 (六),04,20,27,31,32,06,12
2013001,2013-01-02 (三),06,09,11,31,32,05,11
2012154,2012-12-31 (一),03,26,27,31,32,03,09
2012153,2012-12-29 (六),08,09,10,13,22,05,10
2012152,2012-12-26 (三),04,17,26,33,34,02,08
2012151,2012-12-24 (一),03,19,20,24,33,03,04
2012150,2012-12-22 (六),02,14,18,24,31,02,03
2012149,2012-12-19 (三),02,10,23,33,34,05,10
2012148,2012-12-17 (一),04,16,27,29,34,06,11
2012147,2012-12-15 (六),02,03,17,19,33,02,09
2012146,2012-12-12 (三),01,10,13,17,26,06,08
2012145,2012-12-10 (一),05,22,31,33,35,06,09
2012144,2012-12-08 (六),11,13,14,21,29,01,10
2012143,2012-12-05 (三),09,27,29,30,31,03,06
2012142,2012-12-03 (一),15,19,29,34,35,07,10
2012141,2012-12-01 (六),03,11,19,23,34,02,12
2012140,2012-11-28 (三),07,17,27,28,29,09,10
2012139,2012-11-26 (一),09,10,12,22,25,04,11
2012138,2012-11-24 (六),13,17,27,31,33,06,12
2012137,2012-11-21 (三),03,12,20,21,27,01,06
2012136,2012-11-19 (一),02,23,29,30,31,01,04
2012135,2012-11-17 (六),03,05,17,18,33,06,07
2012134,2012-11-14 (三),01,06,18,32,35,02,07
2012133,2012-11-12 (一),05,07,13,29,30,01,05
2012132,2012-11-10 (六),05,08,21,25,33,01,11
2012131,2012-11-07 (三),02,16,18,27,30,08,12
2012130,2012-11-05 (一),14,19,23,29,30,06,07
2012129,2012-11-03 (六),01,07,21,28,31,03,09
2012128,2012-10-31 (三),09,10,19,30,31,04,11
2012127,2012-10-29 (一),12,13,14,25,35,10,12
2012126,2012-10-27 (六),13,14,21,28,29,05,10
2012125,2012-10-24 (三),06,14,17,22,35,01,02
2012124,2012-10-22 (一),07,11,19,20,35,05,10
2012123,2012-10-20 (六),05,08,18,30,33,01,09
2012122,2012-10-17 (三),23,24,25,29,31,03,12
2012121,2012-10-15 (一),07,18,20,29,30,05,06
2012120,2012-10-13 (六),02,10,21,23,29,03,04
2012119,2012-10-10 (三),05,06,09,19,32,06,09
2012118,2012-10-08 (一),05,17,25,30,33,01,12
2012117,2012-10-06 (六),01,12,18,21,33,07,08
2012116,2012-10-03 (三),01,11,18,20,22,07,10
2012115,2012-10-01 (一),01,06,13,19,23,06,09
2012114,2012-09-29 (六),03,06,21,33,35,01,07
2012113,2012-09-26 (三),03,10,22,27,29,03,12
2012112,2012-09-24 (一),01,02,28,31,35,05,07
2012111,2012-09-22 (六),01,24,25,30,33,04,11
2012110,2012-09-19 (三),01,11,17,19,26,05,12
2012109,2012-09-17 (一),01,22,30,32,35,09,11
2012108,2012-09-15 (六),06,07,12,24,35,02,06
2012107,2012-09-12 (三),04,07,09,22,33,01,03
2012106,2012-09-10 (一),15,23,25,29,31,09,10
2012105,2012-09-08 (六),05,06,14,15,31,06,08
2012104,2012-09-05 (三),16,18,24,25,27,04,09
2012103,2012-09-03 (一),02,09,18,23,24,01,04
2012102,2012-09-01 (六),02,04,06,13,35,04,08
2012101,2012-08-29 (三),02,05,08,09,31,03,07
2012100,2012-08-27 (一),07,09,13,19,27,01,03
2012099,2012-08-25 (六),12,18,24,25,32,02,12
2012098,2012-08-22 (三),02,11,28,29,30,06,12
2012097,2012-08-20 (一),09,17,24,29,32,01,02
2012096,2012-08-18 (六),05,10,19,24,35,08,09
2012095,2012-08-15 (三),06,09,22,27,30,08,12
2012094,2012-08-13 (一),02,14,23,32,35,01,10
2012093,2012-08-11 (六),02,16,21,31,33,04,11
2012092,2012-08-08 (三),08,09,23,25,31,02,12
2012091,2012-08-06 (一),03,10,28,31,33,01,09
2012090,2012-08-04 (六),02,21,27,29,33,02,10
2012089,2012-08-01 (三),06,12,21,29,32,06,11
2012088,2012-07-30 (一),13,17,24,30,35,02,10
2012087,2012-07-28 (六),01,06,07,21,31,04,11
2012086,2012-07-25 (三),03,20,25,29,32,05,10
2012085,2012-07-23 (一),07,18,29,31,33,10,12
2012084,2012-07-21 (六),21,24,27,29,31,01,02
2012083,2012-07-18 (三),16,19,28,29,31,05,08
2012082,2012-07-16 (一),02,04,09,10,15,08,10
2012081,2012-07-14 (六),10,16,17,30,35,01,08
2012080,2012-07-11 (三),11,12,14,25,28,02,05
2012079,2012-07-09 (一),01,05,25,32,33,01,10
2012078,2012-07-07 (六),01,02,23,25,35,05,12
2012077,2012-07-04 (三),10,30,32,33,34,02,03
2012076,2012-07-02 (一),02,14,16,22,24,02,05
2012075,2012-06-30 (六),07,09,10,18,22,05,10
2012074,2012-06-27 (三),10,22,23,30,32,01,07
2012073,2012-06-25 (一),18,23,29,33,34,02,07
2012072,2012-06-23 (六),04,08,17,22,25,04,10
2012071,2012-06-20 (三),13,23,29,31,34,06,08
2012070,2012-06-18 (一),09,22,23,32,34,06,08
2012069,2012-06-16 (六),02,04,22,25,34,02,11
2012068,2012-06-13 (三),01,21,31,32,35,03,06
2012067,2012-06-11 (一),20,22,27,30,33,01,02
2012066,2012-06-09 (六),01,20,25,29,33,04,06
2012065,2012-06-06 (三),10,22,28,29,34,05,11
2012064,2012-06-04 (一),09,12,13,15,30,09,10
2012063,2012-06-02 (六),11,25,26,29,35,01,02
2012062,2012-05-30 (三),21,32,33,34,35,08,09
2012061,2012-05-28 (一),05,10,14,27,33,07,09
2012060,2012-05-26 (六),02,16,21,24,30,06,10
2012059,2012-05-23 (三),09,13,19,21,27,03,04
2012058,2012-05-21 (一),13,21,29,31,35,04,12
2012057,2012-05-19 (六),01,02,14,33,34,03,05
2012056,2012-05-16 (三),11,21,23,26,34,07,09
2012055,2012-05-14 (一),07,22,26,32,33,01,08
2012054,2012-05-12 (六),01,16,18,27,30,10,11
2012053,2012-05-09 (三),11,12,26,28,31,07,12
2012052,2012-05-07 (一),10,20,26,31,33,10,12
2012051,2012-05-05 (六),01,02,17,18,33,05,12
2012050,2012-05-02 (三),13,17,22,28,29,01,10
2012049,2012-04-30 (一),09,18,22,27,31,10,12
2012048,2012-04-28 (六),06,09,26,30,35,05,06
2012047,2012-04-25 (三),05,07,17,30,34,03,10
2012046,2012-04-23 (一),04,08,19,23,27,04,11
2012045,2012-04-21 (六),05,11,17,20,28,11,12
2012044,2012-04-18 (三),03,04,14,32,35,01,02
2012043,2012-04-16 (一),01,06,25,31,34,03,09
2012042,2012-04-14 (六),07,24,27,28,35,07,12
2012041,2012-04-11 (三),01,02,13,22,23,02,10
2012040,2012-04-09 (一),02,13,23,28,29,01,05
2012039,2012-04-07 (六),15,21,22,24,35,01,05
2012038,2012-04-04 (三),11,23,25,31,35,01,03
2012037,2012-04-02 (一),09,13,27,31,35,03,10
2012036,2012-03-31 (六),01,09,20,30,31,08,12
2012035,2012-03-28 (三),01,04,30,32,35,08,12
2012034,2012-03-26 (一),01,08,15,16,29,08,09
2012033,2012-03-24 (六),08,13,19,27,32,01,08
2012032,2012-03-21 (三),07,08,16,26,34,07,11
2012031,2012-03-19 (一),19,21,23,25,30,03,08
2012030,2012-03-17 (六),03,21,22,26,32,01,03
2012029,2012-03-14 (三),04,07,08,18,29,07,10
2012028,2012-03-12 (一),10,12,15,33,34,03,10
2012027,2012-03-10 (六),03,10,11,22,31,05,07
2012026,2012-03-07 (三),10,11,22,23,29,02,09
2012025,2012-03-05 (一),01,02,05,12,27,04,07
2012024,2012-03-03 (六),03,11,17,21,30,03,07
2012023,2012-02-29 (三),07,09,17,29,35,09,10
2012022,2012-02-27 (一),07,12,20,33,35,01,10
2012021,2012-02-25 (六),10,15,21,31,34,07,08
2012020,2012-02-22 (三),12,14,27,29,34,03,06
2012019,2012-02-20 (一),07,09,17,30,34,01,12
2012018,2012-02-18 (六),03,10,14,29,31,04,08
2012017,2012-02-15 (三),06,11,22,29,34,03,12
2012016,2012-02-13 (一),05,14,20,29,31,08,12
2012015,2012-02-11 (六),12,13,24,26,33,06,08
2012014,2012-02-08 (三),10,14,24,30,32,01,12
2012013,2012-02-06 (一),07,08,11,12,24,01,02
2012012,2012-02-04 (六),06,18,22,30,35,02,07
2012011,2012-02-01 (三),05,19,22,29,30,02,04
2012010,2012-01-30 (一),25,26,29,32,34,05,07
2012009,2012-01-21 (六),06,14,20,29,35,09,10
2012008,2012-01-18 (三),06,08,30,31,32,01,11
2012007,2012-01-16 (一),04,05,13,17,25,07,10
2012006,2012-01-14 (六),03,20,22,25,27,01,09
2012005,2012-01-11 (三),01,02,29,31,33,07,12
2012004,2012-01-09 (一),10,11,22,31,32,06,07
2012003,2012-01-07 (六),16,22,24,33,34,03,10
2012002,2012-01-04 (三),03,11,14,26,29,07,08
2012001,2012-01-02 (一),07,27,28,32,33,01,12
2011154,2011-12-31 (六),04,12,16,20,28,08,11
2011153,2011-12-28 (三),06,22,29,30,35,03,05
2011152,2011-12-26 (一),01,04,06,21,35,02,11
2011151,2011-12-24 (六),07,11,14,20,27,03,10
2011150,2011-12-21 (三),13,22,30,33,34,06,12
2011149,2011-12-19 (一),02,07,12,29,31,03,05
2011148,2011-12-17 (六),07,10,11,26,31,03,04
2011147,2011-12-14 (三),01,15,16,27,28,02,07
2011146,2011-12-12 (一),09,13,19,29,34,02,11
2011145,2011-12-10 (六),07,15,19,24,29,04,06
2011144,2011-12-07 (三),07,18,24,28,33,02,03
2011143,2011-12-05 (一),08,09,12,25,33,07,10
2011142,2011-12-03 (六),04,26,30,33,34,04,06
2011141,2011-11-30 (三),02,11,19,22,35,10,12
2011140,2011-11-28 (一),01,12,32,33,34,09,11
2011139,2011-11-26 (六),04,06,10,15,16,03,04
2011138,2011-11-23 (三),17,23,26,30,32,06,12
2011137,2011-11-21 (一),02,15,18,23,31,01,02
2011136,2011-11-19 (六),08,09,11,19,33,03,12
2011135,2011-11-16 (三),06,22,29,33,35,03,12
2011134,2011-11-14 (一),01,10,12,14,17,09,10
2011133,2011-11-12 (六),04,11,23,26,35,03,12
2011132,2011-11-09 (三),12,14,16,19,33,02,09
2011131,2011-11-07 (一),03,05,12,18,33,07,11
2011130,2011-11-05 (六),08,09,13,23,35,11,12
2011129,2011-11-02 (三),01,07,13,18,23,04,08
2011128,2011-10-31 (一),03,04,06,11,13,01,02
2011127,2011-10-29 (六),01,11,22,26,29,05,08
2011126,2011-10-26 (三),07,17,29,30,33,10,12
2011125,2011-10-24 (一),07,10,27,34,35,10,12
2011124,2011-10-22 (六),08,12,14,20,25,06,08
2011123,2011-10-19 (三),10,14,18,19,35,01,06
2011122,2011-10-17 (一),03,08,23,24,34,05,12
2011121,2011-10-15 (六),02,03,30,31,33,03,09
2011120,2011-10-12 (三),20,25,26,30,31,09,10
2011119,2011-10-10 (一),04,15,20,26,31,06,12
2011118,2011-10-08 (六),04,07,11,32,35,05,07
2011117,2011-10-05 (三),10,12,28,32,33,03,05
2011116,2011-10-03 (一),10,15,18,19,26,07,12
2011115,2011-10-01 (六),17,26,30,31,35,06,11
2011114,2011-09-28 (三),06,08,17,27,35,02,11
2011113,2011-09-26 (一),04,05,07,10,12,04,05
2011112,2011-09-24 (六),06,17,28,32,33,08,12
2011111,2011-09-21 (三),02,11,13,23,31,11,12
2011110,2011-09-19 (一),30,31,33,34,35,04,07
2011109,2011-09-17 (六),01,11,12,22,34,08,10
2011108,2011-09-14 (三),07,15,18,24,28,01,07
2011107,2011-09-12 (一),02,06,18,30,32,01,08
2011106,2011-09-10 (六),01,09,29,30,35,05,09
2011105,2011-09-07 (三),02,11,26,32,33,05,12
2011104,2011-09-05 (一),07,19,27,28,34,02,05
2011103,2011-09-03 (六),03,04,26,29,34,01,03
2011102,2011-08-31 (三),19,24,28,31,34,04,12
2011101,2011-08-29 (一),05,12,20,28,30,03,07
2011100,2011-08-27 (六),08,11,13,28,33,08,09
2011099,2011-08-24 (三),02,06,09,12,20,05,08
2011098,2011-08-22 (一),06,07,28,33,35,01,10
2011097,2011-08-20 (六),04,19,28,31,33,11,12
2011096,2011-08-17 (三),03,08,20,24,25,01,02
2011095,2011-08-15 (一),09,12,17,19,29,06,11
2011094,2011-08-13 (六),11,21,22,32,34,04,08
2011093,2011-08-10 (三),04,06,08,19,31,10,11
2011092,2011-08-08 (一),10,17,19,32,33,01,12
2011091,2011-08-06 (六),11,17,23,29,30,06,08
2011090,2011-08-03 (三),02,04,29,30,34,05,08
2011089,2011-08-01 (一),05,06,23,27,34,03,04
2011088,2011-07-30 (六),20,21,27,29,35,03,08
2011087,2011-07-27 (三),06,13,20,25,34,07,09
2011086,2011-07-25 (一),04,05,06,09,15,01,06
2011085,2011-07-23 (六),02,17,19,21,22,03,10
2011084,2011-07-20 (三),14,29,31,34,35,01,12
2011083,2011-07-18 (一),06,08,18,20,24,04,08
2011082,2011-07-16 (六),07,20,25,30,32,05,09
2011081,2011-07-13 (三),04,13,20,21,35,02,09
2011080,2011-07-11 (一),05,12,30,31,32,01,03
2011079,2011-07-09 (六),01,03,23,30,31,02,10
2011078,2011-07-06 (三),04,09,16,27,30,02,06
2011077,2011-07-04 (一),05,08,19,33,34,01,12
2011076,2011-07-02 (六),18,23,25,29,30,01,02
2011075,2011-06-29 (三),06,09,20,23,28,06,10
2011074,2011-06-27 (一),07,16,23,28,31,03,06
2011073,2011-06-25 (六),13,19,20,22,33,05,11
2011072,2011-06-22 (三),03,11,13,20,35,03,08
2011071,2011-06-20 (一),27,31,33,34,35,04,06
2011070,2011-06-18 (六),09,19,22,29,30,02,08
2011069,2011-06-15 (三),03,05,28,29,33,04,12
2011068,2011-06-13 (一),01,13,16,18,32,07,09
2011067,2011-06-11 (六),10,17,22,24,32,03,10
2011066,2011-06-08 (三),06,13,18,20,33,09,10
2011065,2011-06-06 (一),03,11,14,25,34,01,04
2011064,2011-06-04 (六),01,06,27,30,34,01,06
2011063,2011-06-01 (三),10,17,18,26,32,01,05
2011062,2011-05-30 (一),06,10,17,20,21,03,07
2011061,2011-05-28 (六),06,07,16,18,20,04,10
2011060,2011-05-25 (三),03,25,29,32,34,09,10
2011059,2011-05-23 (一),09,16,21,29,34,07,10
2011058,2011-05-21 (六),01,09,27,32,33,03,06
2011057,2011-05-18 (三),07,11,30,31,34,09,12
2011056,2011-05-16 (一),03,05,29,30,31,08,10
2011055,2011-05-14 (六),01,07,31,32,35,02,10
2011054,2011-05-11 (三),05,09,16,26,35,03,10
2011053,2011-05-09 (一),03,16,28,31,32,01,09
2011052,2011-05-07 (六),13,24,31,32,33,03,09
2011051,2011-05-04 (三),06,08,12,17,18,05,10
2011050,2011-05-02 (一),04,07,29,32,33,08,10
2011049,2011-04-30 (六),05,06,10,22,25,01,09
2011048,2011-04-27 (三),13,17,25,27,28,02,03
2011047,2011-04-25 (一),02,15,22,33,35,05,08
2011046,2011-04-23 (六),09,15,16,19,29,04,06
2011045,2011-04-20 (三),13,21,22,29,31,07,11
2011044,2011-04-18 (一),11,21,24,26,31,06,07
2011043,2011-04-16 (六),02,08,23,33,35,05,10
2011042,2011-04-13 (三),06,09,18,30,32,10,12
2011041,2011-04-11 (一),04,05,11,13,25,03,06
2011040,2011-04-09 (六),03,07,15,18,20,01,06
2011039,2011-04-06 (三),01,11,14,22,34,06,08
2011038,2011-04-04 (一),07,09,11,13,33,10,12
2011037,2011-04-02 (六),01,12,14,22,24,10,12
2011036,2011-03-30 (三),03,18,29,30,33,08,09
2011035,2011-03-28 (一),03,04,13,15,32,04,09
2011034,2011-03-26 (六),03,06,09,17,27,03,09
2011033,2011-03-23 (三),03,19,24,29,33,03,09
2011032,2011-03-21 (一),07,16,23,31,33,03,10
2011031,2011-03-19 (六),12,17,19,22,35,04,11
2011030,2011-03-16 (三),15,19,25,30,33,03,08
2011029,2011-03-14 (一),03,09,17,24,28,06,12
2011028,2011-03-12 (六),01,02,13,17,28,01,04
2011027,2011-03-09 (三),05,14,25,34,35,02,05
2011026,2011-03-07 (一),01,09,15,20,29,07,09
2011025,2011-03-05 (六),08,09,25,28,29,02,10
2011024,2011-03-02 (三),12,15,16,20,33,08,12
2011023,2011-02-28 (一),05,13,16,18,24,02,12
2011022,2011-02-26 (六),09,14,24,25,34,01,04
2011021,2011-02-23 (三),01,09,13,17,30,02,08
2011020,2011-02-21 (一),09,12,19,22,28,01,05
2011019,2011-02-19 (六),08,21,23,27,33,06,11
2011018,2011-02-16 (三),16,22,24,32,34,02,10
2011017,2011-02-14 (一),16,19,24,26,31,02,04
2011016,2011-02-12 (六),15,20,30,33,35,06,09
2011015,2011-02-09 (三),08,18,19,22,23,01,03
2011014,2011-01-31 (一),02,14,20,21,24,02,09
2011013,2011-01-29 (六),05,08,14,28,30,04,06
2011012,2011-01-26 (三),03,12,19,25,30,08,11
2011011,2011-01-24 (一),02,17,23,24,30,02,09
2011010,2011-01-22 (六),04,08,10,14,27,05,07
2011009,2011-01-19 (三),09,10,11,14,24,03,08
2011008,2011-01-17 (一),01,23,26,27,30,05,06
2011007,2011-01-15 (六),14,24,32,33,35,02,09
2011006,2011-01-12 (三),02,08,16,26,35,11,12
2011005,2011-01-10 (一),01,07,25,27,30,07,12
2011004,2011-01-08 (六),07,08,10,23,25,07,09
2011003,2011-01-05 (三),01,24,27,30,31,01,06
2011002,2011-01-03 (一),11,13,27,28,29,02,06
2011001,2011-01-01 (六),07,08,15,32,34,05,12
2010153,2010-12-29 (三),06,07,16,24,35,04,06
2010152,2010-12-27 (一),02,05,18,22,23,07,12
2010151,2010-12-25 (六),01,10,32,33,35,03,08
2010150,2010-12-22 (三),05,24,28,29,35,01,09
2010149,2010-12-20 (一),05,22,24,25,30,01,06
2010148,2010-12-18 (六),03,04,08,10,35,02,06
2010147,2010-12-15 (三),01,15,19,21,23,11,12
2010146,2010-12-13 (一),14,17,30,31,34,04,10
2010145,2010-12-11 (六),18,19,27,28,33,03,06
2010144,2010-12-08 (三),02,11,16,22,31,10,11
2010143,2010-12-06 (一),10,16,18,22,27,06,08
2010142,2010-12-04 (六),10,11,19,21,27,04,06
2010141,2010-12-01 (三),05,11,17,23,33,03,10
2010140,2010-11-29 (一),06,18,20,30,31,03,06
2010139,2010-11-27 (六),03,13,16,19,29,07,09
2010138,2010-11-24 (三),08,12,14,19,27,05,06
2010137,2010-11-22 (一),22,27,28,33,35,09,11
2010136,2010-11-20 (六),03,13,18,30,33,07,08
2010135,2010-11-17 (三),14,17,19,26,32,03,04
2010134,2010-11-15 (一),09,12,13,19,30,04,05
2010133,2010-11-13 (六),11,16,17,21,22,03,06
2010132,2010-11-10 (三),18,21,23,25,29,06,11
2010131,2010-11-08 (一),10,15,22,28,29,04,12
2010130,2010-11-06 (六),05,06,09,10,34,08,11
2010129,2010-11-03 (三),14,15,24,25,26,03,07
2010128,2010-11-01 (一),06,17,19,29,35,02,08
2010127,2010-10-30 (六),03,22,24,30,33,04,10
2010126,2010-10-27 (三),03,05,09,13,33,05,11
2010125,2010-10-25 (一),01,07,09,14,19,09,12
2010124,2010-10-23 (六),01,09,27,29,34,01,06
2010123,2010-10-20 (三),18,20,30,32,33,01,11
2010122,2010-10-18 (一),05,06,11,13,26,02,07
2010121,2010-10-16 (六),21,22,31,32,34,02,12
2010120,2010-10-13 (三),08,10,18,34,35,06,10
2010119,2010-10-11 (一),05,13,14,23,26,02,03
2010118,2010-10-09 (六),19,22,23,29,35,08,10
2010117,2010-10-06 (三),04,06,21,27,34,05,09
2010116,2010-10-04 (一),14,22,27,28,35,04,10
2010115,2010-10-02 (六),05,07,10,15,32,03,08
2010114,2010-09-29 (三),03,07,22,25,35,03,11
2010113,2010-09-27 (一),05,16,22,23,32,04,10
2010112,2010-09-25 (六),14,15,18,34,35,08,10
2010111,2010-09-22 (三),03,06,13,14,29,01,02
2010110,2010-09-20 (一),21,29,30,33,35,07,11
2010109,2010-09-18 (六),01,02,08,11,25,10,12
2010108,2010-09-15 (三),01,10,13,19,34,09,12
2010107,2010-09-13 (一),14,17,22,27,34,03,05
2010106,2010-09-11 (六),05,27,28,29,34,09,12
2010105,2010-09-08 (三),05,17,26,27,35,08,09
2010104,2010-09-06 (一),14,25,30,32,33,01,11
2010103,2010-09-04 (六),10,14,29,30,35,05,08
2010102,2010-09-01 (三),04,15,19,24,35,01,10
2010101,2010-08-30 (一),11,15,22,27,35,05,08
2010100,2010-08-28 (六),19,20,30,33,35,06,08
2010099,2010-08-25 (三),03,11,17,21,30,01,08
2010098,2010-08-23 (一),02,03,12,13,25,01,07
2010097,2010-08-21 (六),09,17,21,28,29,02,08
2010096,2010-08-18 (三),04,09,24,30,35,01,10
2010095,2010-08-16 (一),12,14,16,19,25,01,06
2010094,2010-08-14 (六),20,32,33,34,35,06,07
2010093,2010-08-11 (三),02,04,09,28,29,05,08
2010092,2010-08-09 (一),02,15,29,30,34,02,12
2010091,2010-08-07 (六),06,10,23,26,31,05,07
2010090,2010-08-04 (三),08,24,26,31,32,07,09
2010089,2010-08-02 (一),04,10,13,18,23,08,10
2010088,2010-07-31 (六),03,05,14,30,35,03,06
2010087,2010-07-28 (三),01,12,20,21,24,02,08
2010086,2010-07-26 (一),01,02,12,19,35,05,07
2010085,2010-07-24 (六),02,10,16,18,34,02,03
2010084,2010-07-21 (三),03,13,14,22,26,02,05
2010083,2010-07-19 (一),07,11,21,22,35,04,07
2010082,2010-07-17 (六),05,08,24,29,30,04,06
2010081,2010-07-14 (三),14,18,20,24,27,05,10
2010080,2010-07-12 (一),08,19,27,29,34,04,10
2010079,2010-07-10 (六),01,04,21,22,24,02,05
2010078,2010-07-07 (三),02,03,15,28,35,01,11
2010077,2010-07-05 (一),06,07,09,17,24,02,12
2010076,2010-07-03 (六),09,12,16,19,35,02,12
2010075,2010-06-30 (三),10,12,17,23,27,05,07
2010074,2010-06-28 (一),03,07,20,27,32,02,12
2010073,2010-06-26 (六),04,09,11,30,32,01,11
2010072,2010-06-23 (三),05,10,17,23,25,03,10
2010071,2010-06-21 (一),07,12,26,30,32,02,07
2010070,2010-06-19 (六),05,14,23,25,28,11,12
2010069,2010-06-16 (三),06,17,18,25,29,08,09
2010068,2010-06-14 (一),11,17,19,20,34,06,10
2010067,2010-06-12 (六),01,11,19,30,32,03,10
2010066,2010-06-09 (三),15,21,22,24,27,01,06
2010065,2010-06-07 (一),05,08,13,14,32,08,11
2010064,2010-06-05 (六),07,10,12,20,21,06,09
2010063,2010-06-02 (三),07,14,16,30,31,03,06
2010062,2010-05-31 (一),06,07,18,30,31,07,08
2010061,2010-05-29 (六),05,12,14,17,22,05,07
2010060,2010-05-26 (三),10,13,22,33,34,01,05
2010059,2010-05-24 (一),06,10,14,25,34,01,03
2010058,2010-05-22 (六),06,15,17,19,30,01,12
2010057,2010-05-19 (三),15,17,24,32,35,07,09
2010056,2010-05-17 (一),05,09,23,25,30,09,12
2010055,2010-05-15 (六),13,14,17,27,32,02,10
2010054,2010-05-12 (三),12,25,29,30,33,10,11
2010053,2010-05-10 (一),09,19,22,26,34,09,11
2010052,2010-05-08 (六),04,06,25,29,32,05,06
2010051,2010-05-05 (三),06,10,20,24,32,06,10
2010050,2010-05-03 (一),07,08,15,30,35,05,10
2010049,2010-05-01 (六),01,25,29,31,33,04,10
2010048,2010-04-28 (三),02,03,10,12,25,03,09
2010047,2010-04-26 (一),04,08,11,30,31,02,08
2010046,2010-04-24 (六),02,15,19,26,27,05,06
2010045,2010-04-21 (三),08,17,18,20,28,09,10
2010044,2010-04-19 (一),06,21,24,28,30,02,07
2010043,2010-04-17 (六),05,08,10,33,35,02,10
2010042,2010-04-14 (三),01,05,19,34,35,06,07
2010041,2010-04-12 (一),16,22,28,29,34,04,12
2010040,2010-04-10 (六),13,20,26,31,35,02,11
2010039,2010-04-07 (三),07,19,26,28,32,01,08
2010038,2010-04-05 (一),08,10,25,29,33,01,02
2010037,2010-04-03 (六),19,21,26,34,35,01,09
2010036,2010-03-31 (三),19,25,28,31,33,01,08
2010035,2010-03-29 (一),14,16,20,31,34,01,07
2010034,2010-03-27 (六),01,06,19,25,26,03,09
2010033,2010-03-24 (三),12,19,28,29,30,05,08
2010032,2010-03-22 (一),13,16,23,24,33,07,11
2010031,2010-03-20 (六),05,13,16,17,35,06,08
2010030,2010-03-17 (三),10,12,19,32,35,02,07
2010029,2010-03-15 (一),21,22,33,34,35,03,04
2010028,2010-03-13 (六),01,02,07,20,35,01,03
2010027,2010-03-10 (三),05,23,26,32,34,02,09
2010026,2010-03-08 (一),05,23,25,31,35,07,10
2010025,2010-03-06 (六),09,11,13,14,25,01,07
2010024,2010-03-03 (三),03,14,19,24,25,04,11
2010023,2010-03-01 (一),11,13,29,32,33,02,08
2010022,2010-02-27 (六),02,11,13,14,25,02,05
2010021,2010-02-24 (三),11,20,23,24,25,07,09
2010020,2010-02-22 (一),08,18,26,32,33,01,06
2010019,2010-02-20 (六),03,11,19,26,27,02,09
2010018,2010-02-10 (三),03,10,26,32,33,04,12
2010017,2010-02-08 (一),13,21,23,27,34,09,12
2010016,2010-02-06 (六),10,12,20,23,32,04,10
2010015,2010-02-03 (三),03,10,14,18,28,08,10
2010014,2010-02-01 (一),18,19,30,33,35,02,04
2010013,2010-01-30 (六),18,21,22,26,34,09,12
2010012,2010-01-27 (三),20,24,30,31,33,05,12
2010011,2010-01-25 (一),02,03,11,27,32,08,11
2010010,2010-01-23 (六),15,22,24,32,35,02,09
2010009,2010-01-20 (三),02,05,13,27,32,03,11
2010008,2010-01-18 (一),11,23,25,31,32,05,11
2010007,2010-01-16 (六),07,23,26,29,32,08,11
2010006,2010-01-13 (三),03,13,19,30,34,02,05
2010005,2010-01-11 (一),04,17,19,22,30,02,03
2010004,2010-01-09 (六),03,06,21,24,34,04,06
2010003,2010-01-06 (三),05,14,23,27,30,02,08
2010002,2010-01-04 (一),04,23,25,26,30,07,10
2010001,2010-01-02 (六),02,06,07,12,27,02,08
2009153,2009-12-30 (三),21,22,30,32,34,03,07
2009152,2009-12-28 (一),01,23,29,30,32,07,12
2009151,2009-12-26 (六),03,08,14,30,31,04,09
2009150,2009-12-23 (三),04,11,18,25,34,05,07
2009149,2009-12-21 (一),01,03,10,12,20,02,07
2009148,2009-12-19 (六),02,04,13,14,33,01,09
2009147,2009-12-16 (三),06,12,18,22,29,05,08
2009146,2009-12-14 (一),11,17,23,24,25,03,06
2009145,2009-12-12 (六),05,11,14,22,35,03,10
2009144,2009-12-09 (三),18,26,32,33,34,04,06
2009143,2009-12-07 (一),01,09,10,11,22,01,12
2009142,2009-12-05 (六),05,06,13,24,31,03,11
2009141,2009-12-02 (三),13,14,21,30,33,02,08
2009140,2009-11-30 (一),07,08,19,26,30,01,12
2009139,2009-11-28 (六),14,16,20,22,32,05,09
2009138,2009-11-25 (三),03,04,14,28,32,09,10
2009137,2009-11-23 (一),12,28,29,30,34,01,09
2009136,2009-11-21 (六),07,13,23,24,29,06,10
2009135,2009-11-18 (三),06,08,15,20,32,05,06
2009134,2009-11-16 (一),02,16,19,28,33,07,11
2009133,2009-11-14 (六),01,08,24,27,34,10,11
2009132,2009-11-11 (三),02,10,12,15,28,04,07
2009131,2009-11-09 (一),02,03,08,33,34,03,11
2009130,2009-11-07 (六),09,14,25,32,34,02,08
2009129,2009-11-04 (三),02,10,18,32,33,03,08
2009128,2009-11-02 (一),06,21,28,32,34,04,07
2009127,2009-10-31 (六),05,09,27,32,34,05,08
2009126,2009-10-28 (三),14,23,27,28,33,08,12
2009125,2009-10-26 (一),08,20,23,29,31,02,11
2009124,2009-10-24 (六),01,03,14,32,35,07,11
2009123,2009-10-21 (三),10,21,28,29,32,06,10
2009122,2009-10-19 (一),01,02,11,31,33,05,06
2009121,2009-10-17 (六),04,05,08,11,22,02,10
2009120,2009-10-14 (三),11,23,27,28,32,02,05
2009119,2009-10-12 (一),03,12,22,23,28,04,12
2009118,2009-10-10 (六),10,17,18,21,34,05,11
2009117,2009-10-07 (三),07,21,29,31,33,09,10
2009116,2009-10-05 (一),12,15,23,30,33,09,12
2009115,2009-10-03 (六),01,02,06,08,26,05,12
2009114,2009-09-30 (三),02,08,25,29,33,03,07
2009113,2009-09-28 (一),03,04,10,18,27,06,08
2009112,2009-09-26 (六),02,08,12,34,35,04,05
2009111,2009-09-23 (三),04,11,13,19,35,10,12
2009110,2009-09-21 (一),22,28,30,31,34,07,09
2009109,2009-09-19 (六),02,11,13,26,35,06,10
2009108,2009-09-16 (三),01,09,14,29,30,07,10
2009107,2009-09-14 (一),11,12,33,34,35,01,10
2009106,2009-09-12 (六),11,21,22,25,34,06,09
2009105,2009-09-09 (三),01,25,26,34,35,06,11
2009104,2009-09-07 (一),15,25,29,32,33,10,11
2009103,2009-09-05 (六),16,20,28,32,33,01,02
2009102,2009-09-02 (三),11,13,29,32,35,10,12
2009101,2009-08-31 (一),02,10,14,22,26,04,09
2009100,2009-08-29 (六),16,20,25,29,33,01,08
2009099,2009-08-26 (三),03,09,21,23,33,06,10
2009098,2009-08-24 (一),11,17,19,25,26,02,10
2009097,2009-08-22 (六),06,13,14,22,25,01,04
2009096,2009-08-19 (三),07,12,28,32,33,01,03
2009095,2009-08-17 (一),08,18,24,30,33,01,06
2009094,2009-08-15 (六),01,05,21,23,29,05,12
2009093,2009-08-12 (三),07,09,22,30,33,09,11
2009092,2009-08-10 (一),10,21,22,27,29,08,12
2009091,2009-08-08 (六),01,05,17,32,34,03,07
2009090,2009-08-05 (三),18,25,30,33,34,04,10
2009089,2009-08-03 (一),03,06,11,19,27,02,07
2009088,2009-08-01 (六),13,16,27,32,34,03,09
2009087,2009-07-29 (三),10,24,28,30,33,01,10
2009086,2009-07-27 (一),01,02,07,26,29,10,12
2009085,2009-07-25 (六),06,13,27,33,34,09,12
2009084,2009-07-22 (三),05,09,19,26,35,02,10
2009083,2009-07-20 (一),02,05,28,34,35,01,07
2009082,2009-07-18 (六),05,11,26,29,32,08,11
2009081,2009-07-15 (三),02,15,20,25,33,03,06
2009080,2009-07-13 (一),07,16,19,29,35,02,11
2009079,2009-07-11 (六),01,02,07,13,34,04,10
2009078,2009-07-08 (三),11,23,26,31,34,05,11
2009077,2009-07-06 (一),07,20,28,32,34,06,08
2009076,2009-07-04 (六),03,09,11,18,24,04,05
2009075,2009-07-01 (三),01,07,11,32,33,09,11
2009074,2009-06-29 (一),15,17,19,23,32,01,11
2009073,2009-06-27 (六),01,10,19,21,30,01,04
2009072,2009-06-24 (三),23,26,29,32,33,05,10
2009071,2009-06-22 (一),04,20,29,30,33,02,11
2009070,2009-06-20 (六),10,21,24,30,31,03,10
2009069,2009-06-17 (三),14,16,27,30,33,08,12
2009068,2009-06-15 (一),02,12,15,20,28,01,12
2009067,2009-06-13 (六),03,06,25,28,32,02,05
2009066,2009-06-10 (三),01,08,19,24,31,06,12
2009065,2009-06-08 (一),01,12,24,27,32,02,11
2009064,2009-06-06 (六),06,10,11,17,34,11,12
2009063,2009-06-03 (三),05,06,18,21,22,01,07
2009062,2009-06-01 (一),04,22,23,29,31,05,11
2009061,2009-05-30 (六),02,10,21,26,34,02,10
2009060,2009-05-27 (三),18,28,29,30,31,04,08
2009059,2009-05-25 (一),02,13,14,29,33,04,11
2009058,2009-05-23 (六),08,10,14,27,32,02,07
2009057,2009-05-20 (三),06,15,22,27,30,02,09
2009056,2009-05-18 (一),04,13,17,32,35,03,06
2009055,2009-05-16 (六),05,08,14,23,24,05,06
2009054,2009-05-13 (三),02,12,19,29,30,07,12
2009053,2009-05-11 (一),05,09,24,31,33,05,06
2009052,2009-05-09 (六),23,24,30,34,35,01,03
2009051,2009-05-06 (三),03,11,22,26,29,05,12
2009050,2009-05-04 (一),05,15,28,32,33,08,09
2009049,2009-05-02 (六),05,16,28,29,34,11,12
2009048,2009-04-29 (三),05,06,22,25,27,11,12
2009047,2009-04-27 (一),13,18,21,24,29,03,06
2009046,2009-04-25 (六),01,09,24,34,35,04,09
2009045,2009-04-22 (三),01,09,14,24,35,06,09
2009044,2009-04-20 (一),01,07,18,29,34,03,09
2009043,2009-04-18 (六),05,21,22,32,35,02,05
2009042,2009-04-15 (三),11,24,25,26,31,02,07
2009041,2009-04-13 (一),05,09,20,23,29,04,10
2009040,2009-04-11 (六),03,16,30,32,33,01,10
2009039,2009-04-08 (三),01,03,07,10,33,03,04
2009038,2009-04-06 (一),06,17,20,29,32,04,05
2009037,2009-04-04 (六),17,18,19,25,31,01,11
2009036,2009-04-01 (三),02,12,26,31,33,09,10
2009035,2009-03-30 (一),03,07,09,28,33,03,08
2009034,2009-03-28 (六),05,19,31,32,35,04,09
2009033,2009-03-25 (三),02,08,18,21,32,08,11
2009032,2009-03-23 (一),04,12,20,26,29,06,10
2009031,2009-03-21 (六),07,11,19,21,22,01,11
2009030,2009-03-18 (三),01,07,27,30,32,01,04
2009029,2009-03-16 (一),03,04,13,17,24,04,11
2009028,2009-03-14 (六),06,20,30,32,35,09,11
2009027,2009-03-11 (三),03,22,26,33,34,09,10
2009026,2009-03-09 (一),24,30,31,32,34,10,12
2009025,2009-03-07 (六),03,17,22,23,33,04,10
2009024,2009-03-04 (三),29,31,32,33,35,10,11
2009023,2009-03-02 (一),15,17,21,27,33,07,11
2009022,2009-02-28 (六),12,14,17,34,35,04,11
2009021,2009-02-25 (三),01,15,31,32,34,03,08
2009020,2009-02-23 (一),05,16,18,32,35,02,11
2009019,2009-02-21 (六),04,29,31,32,35,04,10
2009018,2009-02-18 (三),01,06,13,28,29,03,09
2009017,2009-02-16 (一),05,11,23,26,33,04,12
2009016,2009-02-14 (六),10,11,20,26,27,09,11
2009015,2009-02-11 (三),01,05,10,16,27,03,04
2009014,2009-02-09 (一),08,14,15,25,26,07,09
2009013,2009-02-07 (六),05,24,26,30,35,05,12
2009012,2009-02-04 (三),02,05,20,25,31,10,12
2009011,2009-02-02 (一),02,11,13,14,21,02,04
2009010,2009-01-24 (六),02,09,12,21,29,07,11
2009009,2009-01-21 (三),12,18,23,26,32,06,09
2009008,2009-01-19 (一),04,17,21,29,31,02,12
2009007,2009-01-17 (六),06,14,15,29,35,06,11
2009006,2009-01-14 (三),02,04,22,31,35,09,12
2009005,2009-01-12 (一),10,11,15,31,32,05,08
2009004,2009-01-10 (六),01,03,22,32,35,06,10
2009003,2009-01-07 (三),16,18,23,30,32,02,11
2009002,2009-01-05 (一),01,04,07,12,30,05,10
2009001,2009-01-03 (六),01,15,23,27,30,04,10
2008154,2008-12-31 (三),05,07,10,29,32,04,06
2008153,2008-12-29 (一),02,04,06,25,26,02,05
2008152,2008-12-27 (六),03,05,14,20,33,07,11
2008151,2008-12-24 (三),07,10,27,31,34,08,09
2008150,2008-12-22 (一),01,09,10,15,25,03,08
2008149,2008-12-20 (六),02,05,06,27,29,03,04
2008148,2008-12-17 (三),03,07,20,33,35,04,07
2008147,2008-12-15 (一),16,18,19,24,35,11,12
2008146,2008-12-13 (六),09,23,24,26,33,07,12
2008145,2008-12-10 (三),05,16,27,29,30,05,11
2008144,2008-12-08 (一),10,19,27,28,33,05,12
2008143,2008-12-06 (六),01,02,22,29,32,01,04
2008142,2008-12-03 (三),06,18,21,30,35,08,09
2008141,2008-12-01 (一),09,15,18,30,34,04,05
2008140,2008-11-29 (六),02,09,11,29,32,08,09
2008139,2008-11-26 (三),01,06,10,14,22,06,08
2008138,2008-11-24 (一),04,05,18,22,35,07,08
2008137,2008-11-22 (六),01,10,25,32,35,05,09
2008136,2008-11-19 (三),03,28,29,32,34,01,06
2008135,2008-11-17 (一),07,22,25,29,33,01,12
2008134,2008-11-15 (六),11,13,15,28,35,08,10
2008133,2008-11-12 (三),10,12,15,33,35,03,09
2008132,2008-11-10 (一),06,14,24,27,29,05,09
2008131,2008-11-08 (六),08,09,12,21,32,07,11
2008130,2008-11-05 (三),03,05,22,29,34,07,12
2008129,2008-11-03 (一),13,16,20,25,27,04,05
2008128,2008-11-01 (六),12,15,23,24,25,10,11
2008127,2008-10-29 (三),08,21,22,31,33,01,07
2008126,2008-10-27 (一),09,29,32,34,35,01,08
2008125,2008-10-25 (六),01,04,28,33,34,06,11
2008124,2008-10-22 (三),02,10,13,29,33,06,10
2008123,2008-10-20 (一),01,06,12,28,31,08,09
2008122,2008-10-18 (六),03,06,12,20,29,09,12
2008121,2008-10-15 (三),11,23,24,32,35,04,10
2008120,2008-10-13 (一),21,23,24,25,32,03,04
2008119,2008-10-11 (六),01,02,10,19,27,01,11
2008118,2008-10-08 (三),06,09,19,25,30,06,12
2008117,2008-10-06 (一),13,23,24,25,30,02,08
2008116,2008-10-04 (六),06,08,15,24,31,01,03
2008115,2008-10-01 (三),07,09,19,21,33,07,10
2008114,2008-09-29 (一),02,03,22,27,31,06,07
2008113,2008-09-27 (六),11,14,17,19,22,01,08
2008112,2008-09-24 (三),04,18,26,32,33,05,08
2008111,2008-09-22 (一),02,11,12,14,19,05,09
2008110,2008-09-20 (六),05,16,25,27,33,04,09
2008109,2008-09-17 (三),01,10,18,28,34,05,08
2008108,2008-09-15 (一),11,16,24,29,32,09,11
2008107,2008-09-13 (六),01,02,13,15,16,04,09
2008106,2008-09-10 (三),03,05,21,28,33,02,06
2008105,2008-09-08 (一),12,21,22,26,35,04,05
2008104,2008-09-06 (六),07,08,10,24,34,08,11
2008103,2008-09-03 (三),02,11,22,30,34,04,09
2008102,2008-09-01 (一),05,25,26,29,35,03,10
2008101,2008-08-30 (六),10,13,23,31,33,04,11
2008100,2008-08-27 (三),12,20,26,29,30,02,06
2008099,2008-08-25 (一),03,18,23,25,30,06,10
2008098,2008-08-23 (六),07,10,22,27,33,04,08
2008097,2008-08-20 (三),01,10,31,33,35,03,10
2008096,2008-08-18 (一),06,07,12,25,28,02,12
2008095,2008-08-16 (六),03,04,11,21,25,01,07
2008094,2008-08-13 (三),07,12,19,27,34,11,12
2008093,2008-08-11 (一),06,07,10,24,30,05,08
2008092,2008-08-09 (六),03,23,26,32,34,04,09
2008091,2008-08-06 (三),09,13,19,22,25,04,10
2008090,2008-08-04 (一),04,11,18,33,34,02,06
2008089,2008-08-02 (六),08,13,24,32,33,03,09
2008088,2008-07-30 (三),07,11,19,27,31,02,03
2008087,2008-07-28 (一),14,22,32,33,35,01,05
2008086,2008-07-26 (六),01,06,10,22,35,03,07
2008085,2008-07-23 (三),03,07,13,15,19,02,10
2008084,2008-07-21 (一),02,17,20,22,25,05,11
2008083,2008-07-19 (六),06,14,15,30,31,03,10
2008082,2008-07-16 (三),15,19,29,33,35,01,02
2008081,2008-07-14 (一),07,08,20,22,29,04,07
2008080,2008-07-12 (六),06,09,29,31,33,05,11
2008079,2008-07-09 (三),20,23,26,32,33,05,12
2008078,2008-07-07 (一),08,17,20,28,31,07,11
2008077,2008-07-05 (六),01,08,21,33,34,05,07
2008076,2008-07-02 (三),03,05,10,27,34,01,12
2008075,2008-06-30 (一),01,10,13,30,33,06,07
2008074,2008-06-28 (六),10,13,22,31,35,04,12
2008073,2008-06-25 (三),02,05,06,07,31,08,10
2008072,2008-06-23 (一),10,25,32,33,34,03,09
2008071,2008-06-21 (六),01,05,11,14,25,01,09
2008070,2008-06-18 (三),09,17,18,21,31,01,05
2008069,2008-06-16 (一),05,13,16,29,33,06,08
2008068,2008-06-14 (六),06,09,11,33,34,06,10
2008067,2008-06-11 (三),03,10,14,15,22,04,07
2008066,2008-06-09 (一),02,07,21,22,25,04,12
2008065,2008-06-07 (六),19,22,23,25,32,06,12
2008064,2008-06-04 (三),14,18,24,27,31,06,07
2008063,2008-06-02 (一),07,11,24,30,35,06,08
2008062,2008-05-31 (六),01,15,27,28,29,03,10
2008061,2008-05-28 (三),07,10,14,19,32,03,06
2008060,2008-05-26 (一),03,13,17,23,30,01,11
2008059,2008-05-24 (六),07,13,21,25,31,08,10
2008058,2008-05-21 (三),03,09,11,29,33,03,12
2008057,2008-05-19 (一),05,08,09,17,33,05,06
2008056,2008-05-17 (六),15,19,25,30,31,03,09
2008055,2008-05-14 (三),02,14,28,30,35,04,12
2008054,2008-05-12 (一),05,14,23,31,35,02,06
2008053,2008-05-10 (六),01,13,21,23,32,03,06
2008052,2008-05-07 (三),03,18,19,30,35,05,09
2008051,2008-05-05 (一),01,07,09,11,33,03,11
2008050,2008-05-03 (六),01,05,11,26,27,03,07
2008049,2008-04-30 (三),01,11,14,28,30,03,10
2008048,2008-04-28 (一),01,13,22,25,27,02,10
2008047,2008-04-26 (六),12,18,22,23,30,06,12
2008046,2008-04-23 (三),11,25,26,27,35,07,08
2008045,2008-04-21 (一),14,32,33,34,35,02,04
2008044,2008-04-19 (六),02,21,23,27,32,10,11
2008043,2008-04-16 (三),05,08,10,31,33,02,04
2008042,2008-04-14 (一),05,10,13,32,35,04,05
2008041,2008-04-12 (六),07,17,21,22,28,05,10
2008040,2008-04-09 (三),04,08,19,22,29,08,11
2008039,2008-04-07 (一),07,11,15,27,35,04,07
2008038,2008-04-05 (六),12,13,19,32,33,02,10
2008037,2008-04-02 (三),11,20,24,31,35,04,10
2008036,2008-03-31 (一),09,19,22,30,32,01,10
2008035,2008-03-29 (六),02,12,13,29,30,05,07
2008034,2008-03-26 (三),06,07,18,34,35,05,10
2008033,2008-03-24 (一),03,10,21,23,30,01,09
2008032,2008-03-22 (六),03,09,19,27,33,09,10
2008031,2008-03-19 (三),14,20,23,27,28,02,04
2008030,2008-03-17 (一),03,21,23,26,35,05,08
2008029,2008-03-15 (六),06,11,18,29,30,04,11
2008028,2008-03-12 (三),03,11,17,19,26,07,12
2008027,2008-03-10 (一),05,17,23,31,32,04,08
2008026,2008-03-08 (六),01,21,22,24,25,08,10
2008025,2008-03-05 (三),06,10,12,15,28,04,12
2008024,2008-03-03 (一),08,12,17,20,30,01,02
2008023,2008-03-01 (六),06,26,31,32,34,07,10
2008022,2008-02-27 (三),09,12,13,25,31,08,10
2008021,2008-02-25 (一),05,10,13,21,24,04,09
2008020,2008-02-23 (六),04,05,15,17,33,04,08
2008019,2008-02-20 (三),08,24,25,29,31,04,05
2008018,2008-02-18 (一),03,06,07,11,30,02,03
2008017,2008-02-16 (六),02,14,25,29,32,01,06
2008016,2008-02-13 (三),08,10,11,17,19,06,09
2008015,2008-02-04 (一),09,18,20,27,33,06,09
2008014,2008-02-02 (六),04,07,10,28,34,01,06
2008013,2008-01-30 (三),01,11,19,22,35,05,09
2008012,2008-01-28 (一),02,10,29,32,35,02,03
2008011,2008-01-26 (六),14,20,22,24,27,07,10
2008010,2008-01-23 (三),06,23,24,27,29,06,08
2008009,2008-01-21 (一),04,08,12,24,30,05,08
2008008,2008-01-19 (六),02,06,08,17,32,08,09
2008007,2008-01-16 (三),03,04,05,12,28,03,12
2008006,2008-01-14 (一),10,12,26,29,34,05,07
2008005,2008-01-12 (六),18,25,29,31,34,09,10
2008004,2008-01-09 (三),09,22,24,31,33,08,09
2008003,2008-01-07 (一),01,11,13,32,35,02,07
2008002,2008-01-05 (六),01,12,24,31,32,10,12
2008001,2008-01-02 (三),01,02,11,34,35,03,10
2007093,2007-12-31 (一),06,08,16,25,27,08,12
2007092,2007-12-29 (六),06,19,27,28,29,06,10
2007091,2007-12-26 (三),07,12,26,31,32,03,08
2007090,2007-12-24 (一),04,20,24,31,33,09,12
2007089,2007-12-22 (六),08,13,24,30,34,01,12
2007088,2007-12-19 (三),17,18,21,23,33,06,10
2007087,2007-12-17 (一),08,18,30,31,33,04,09
2007086,2007-12-15 (六),14,18,19,26,28,03,09
2007085,2007-12-12 (三),17,24,28,29,33,02,05
2007084,2007-12-10 (一),05,11,18,29,34,10,11
2007083,2007-12-08 (六),01,05,20,21,24,03,04
2007082,2007-12-05 (三),03,05,14,33,34,07,08
2007081,2007-12-03 (一),06,18,20,22,35,04,09
2007080,2007-12-01 (六),01,15,20,25,27,05,10
2007079,2007-11-28 (三),06,09,25,26,31,02,08
2007078,2007-11-26 (一),09,12,14,22,23,01,02
2007077,2007-11-24 (六),04,06,12,13,24,01,04
2007076,2007-11-21 (三),02,09,12,15,31,09,10
2007075,2007-11-19 (一),05,11,20,30,32,07,11
2007074,2007-11-17 (六),16,17,23,24,31,05,10
2007073,2007-11-14 (三),04,05,09,12,23,02,11
2007072,2007-11-12 (一),21,24,26,27,33,01,05
2007071,2007-11-10 (六),10,22,32,33,35,01,07
2007070,2007-11-07 (三),07,26,29,30,35,03,04
2007069,2007-11-05 (一),02,13,16,21,35,01,05
2007068,2007-11-03 (六),04,09,13,14,33,06,10
2007067,2007-10-31 (三),11,18,25,30,31,04,09
2007066,2007-10-29 (一),04,07,08,19,24,07,12
2007065,2007-10-27 (六),19,20,24,29,31,09,10
2007064,2007-10-24 (三),02,16,32,33,35,05,10
2007063,2007-10-22 (一),10,31,33,34,35,07,12
2007062,2007-10-20 (六),01,04,10,14,29,11,12
2007061,2007-10-17 (三),02,10,19,28,29,02,09
2007060,2007-10-15 (一),12,13,29,30,31,04,07
2007059,2007-10-13 (六),04,15,23,31,33,03,09
2007058,2007-10-10 (三),08,21,25,28,33,02,06
2007057,2007-10-08 (一),14,16,30,32,35,06,07
2007056,2007-10-06 (六),04,11,17,20,21,05,09
2007055,2007-10-03 (三),10,16,24,31,33,07,10
2007054,2007-10-01 (一),04,10,19,29,34,03,06
2007053,2007-09-29 (六),11,16,19,21,25,01,10
2007052,2007-09-26 (三),01,14,29,32,33,05,10
2007051,2007-09-24 (一),03,07,24,28,35,08,11
2007050,2007-09-22 (六),13,21,22,30,35,01,11
2007049,2007-09-19 (三),09,10,15,17,32,04,06
2007048,2007-09-17 (一),08,25,26,29,35,06,08
2007047,2007-09-15 (六),01,06,15,19,35,02,09
2007046,2007-09-12 (三),04,16,18,23,30,01,10
2007045,2007-09-10 (一),09,16,20,26,35,11,12
2007044,2007-09-08 (六),04,05,07,12,26,01,10
2007043,2007-09-05 (三),04,09,22,24,31,02,06
2007042,2007-09-03 (一),07,10,22,31,35,05,06
2007041,2007-09-01 (六),03,16,17,22,35,01,08
2007040,2007-08-29 (三),05,21,25,28,35,01,04
2007039,2007-08-27 (一),10,11,20,21,35,07,11
2007038,2007-08-25 (六),06,21,25,27,32,08,09
2007037,2007-08-22 (三),01,06,07,17,31,11,12
2007036,2007-08-20 (一),15,18,21,27,34,01,02
2007035,2007-08-18 (六),07,11,16,31,32,01,12
2007034,2007-08-15 (三),06,08,11,13,22,02,11
2007033,2007-08-13 (一),01,05,08,14,22,03,12
2007032,2007-08-11 (六),01,13,21,23,32,04,11
2007031,2007-08-08 (三),03,21,27,31,32,06,08
2007030,2007-08-06 (一),11,14,27,33,35,02,07
2007029,2007-08-04 (六),15,22,25,29,35,09,11
2007028,2007-08-01 (三),20,26,30,34,35,03,10
2007027,2007-07-30 (一),02,03,10,19,27,06,10
2007026,2007-07-28 (六),05,09,13,33,35,01,08
2007025,2007-07-25 (三),22,24,26,27,34,02,10
2007024,2007-07-23 (一),06,16,20,25,31,04,09
2007023,2007-07-21 (六),08,10,23,32,34,08,10
2007022,2007-07-18 (三),08,10,12,23,25,03,10
2007021,2007-07-16 (一),02,04,24,29,33,01,02
2007020,2007-07-14 (六),02,06,11,12,18,05,12
2007019,2007-07-11 (三),03,06,17,22,23,04,06
2007018,2007-07-09 (一),03,04,16,23,28,06,09
2007017,2007-07-07 (六),13,14,29,32,34,03,12
2007016,2007-07-04 (三),01,14,19,24,31,03,12
2007015,2007-07-02 (一),02,08,12,13,17,11,12
2007014,2007-06-30 (六),01,02,07,29,32,06,07
2007013,2007-06-27 (三),12,17,27,29,34,06,09
2007012,2007-06-25 (一),03,12,15,29,34,07,11
2007011,2007-06-23 (六),29,32,33,34,35,09,10
2007010,2007-06-20 (三),06,08,18,29,34,09,11
2007009,2007-06-18 (一),01,03,09,19,34,09,12
2007008,2007-06-16 (六),02,08,11,21,23,04,07
2007007,2007-06-13 (三),14,16,25,26,35,04,09
2007006,2007-06-11 (一),01,16,20,23,28,03,06
2007005,2007-06-09 (六),01,09,19,20,30,02,11
2007004,2007-06-06 (三),06,10,16,17,25,02,04
2007003,2007-06-04 (一),03,04,18,23,32,01,06
2007002,2007-06-02 (六),15,22,31,34,35,05,12
2007001,2007-05-30 (三),22,24,29,31,35,04,11
